Sample,NPA_1_P,NPA_2_P,NPA_4_P,NPA_5_P,NPA_Avg_H_onPhos,dip_x_P,dip_y_P,dip_z_P,Total_P,max_PH_vib,min_PH_vib,AvG_PH_vib,cross_P,cross.angle_P,para_P,para.angle_P,"Dist_(P,C)_P",avg_dist_PH,Aniso.Polar_P,B1_1_SM,B5_1_SM,L_1_SM,loc.B5_1_SM,loc.B1_1_SM,B1_2_SM,B5_2_SM,L_2_SM,loc.B5_2_SM,loc.B1_2_SM,NPA_1_SM,NPA_2_SM,NPA_3_SM,NPA_4_SM,NPA_5_SM,NPA_6_SM,NPA_7_SM,NPA_sum_SM,Avg_NPA_SM,diff_NBO_C_Hhal,dip_x_SM,dip_y_SM,dip_z_SM,Total_SM,cross_SM,cross.angle_SM,para_SM,para.angle_SM,"Dist(Hhal,C)_SM",Iso.Polar_SM,Aniso.Polar_SM,fr_Ar_N,fr_C_O,fr_C_O_noCOO,fr_NH0,fr_alkyl_halide,fr_amide,fr_aryl_methyl,fr_benzene,fr_bicyclic,fr_ester,fr_ether,fr_halogen,fr_methoxy,fr_pyridine,class
A,0.75837,-0.38224,0.08161,-0.4129,0.10464,-0.1432,7.8847,-0.0674,7.8863,2589.1915,2535.0092,2563.1865,1664.7915,89.91298022,1642.5844,0.415548785,1.791762127,1.404279215,57.448,1.88,4.35,4.85,2.09,4.43,1.83,4.24,4.91,2.6,-0.91,0.20419,-0.17201,-0.05943,0.02375,-0.40285,0.02375,-0.05943,-0.64622,-0.107703333,-0.3762,0,2.6602,0,2.6602,1678.7286,90,1652.7201,0.000269292,1.086350001,85.3183,48.7619,1,0,0,1,0,0,2,0,0,0,0,0,0,1,1
AF,0.83323,-0.40922,0.02783,-0.31913,0.07704,-4.4737,6.2763,-3.00E-04,7.7075,2594.5734,2583.9544,2587.494067,1627.7786,54.56381223,1599.4481,39.41971375,1.780440739,1.393720817,68.6426,1.95,4.8,4.9,2.95,4.9,1.83,4.78,4.98,3.03,-0.91,0.22473,-0.19699,-0.13284,0.00448,-0.38894,0.02747,-0.05101,-0.73783,-0.122971667,-0.42172,-1.9279,1.6867,0,2.5616,1661.7988,60.0352993,1632.2635,28.835153,1.083302395,93.5076,63.4931,1,0,0,1,0,0,1,0,0,0,0,1,0,1,1
B,0.83315,-0.32011,0.09768,-0.33402,0.08538,-1.5907,4.4703,0.7205,4.7992,2588.1278,2546.132,2569.783633,1631.6624,74.07009092,1607.6305,19.27566888,1.789311898,1.394283791,109.905,2.08,6.92,6.49,4.62,4,2.14,5.14,5.08,3.38,2.48,0.23113,-0.11191,-0.20754,0.07826,-0.39641,0.06878,-0.08187,-0.65069,-0.108448333,-0.34304,-4.7189,0.4651,0.0029,4.7417,1671.3492,86.35981744,1633.6956,0.492084021,1.082522414,147.357,115.5,1,0,0,2,0,0,0,1,0,0,0,0,0,1,1
C,0.81776,-0.11074,0.26127,-0.37265,0.076736667,3.626,4.0164,1.4923,5.613,2596.5661,2549.039,2580.723733,1649.2408,70.59230207,1589.5526,28.6818527,1.803252549,1.39412556,123.913,1.88,9.02,6.54,5.14,3.77,2.09,3.15,4.76,-4.1,2.45,0.19655,0.07846,-0.43619,0.23884,-0.43651,0.07843,-0.12559,-0.60256,-0.100426667,-0.11809,-3.737,1.0004,0.7233,3.9356,1664.6981,61.88638028,1649.8525,24.9450377,1.086009366,144.895,121.825,2,0,0,2,0,0,0,1,0,0,1,0,1,0,1
D,0.81453,-0.09895,0.26849,-0.36823,0.079726667,11.9013,0.846,0.6864,11.9511,2591.0804,2577.7836,2582.215867,1657.2609,82.40002949,1592.506,24.50494393,1.806910786,1.394178998,111.519,1.98,9.65,8.78,6.17,3.77,2.52,4.25,4.75,-4.23,-2.31,0.19871,0.08411,-0.43242,0.24605,-0.43205,0.08347,-0.13778,-0.58862,-0.098103333,-0.1146,0.3656,0.6276,-0.5795,0.9292,1666.9662,58.20762951,1631.8801,29.53208012,1.085995559,143.94,116.856,2,0,0,2,3,0,0,1,0,0,1,4,0,0,1
E,0.86105,-0.35985,0.05288,-0.3321,0.061476667,3.7887,1.255,4.8959,6.3166,2595.7796,2541.5401,2573.857833,1636.8794,59.78361625,1629.5351,35.67027157,1.793168003,1.393480071,49.0295,1.96,7.76,7.66,4.62,3.87,2.06,7.92,4.9,-1.93,-0.85,0.22379,-0.16823,-0.05367,0.02817,-0.39869,0.02154,-0.10164,-0.67252,-0.112086667,-0.39202,0.5861,-0.5481,0.287,0.8522,1677.3676,89.74036394,1654.0488,4.389684437,1.08478418,161.26,42.5487,2,0,0,2,0,0,2,0,0,0,1,0,0,2,1
F,0.83113,-0.38302,0.03636,-0.32593,0.084056667,5.7464,0.4854,1.7397,6.0236,2593.9761,2548.7557,2574.036,1612.2172,53.5287713,1592.4266,44.8991884,1.789361682,1.393582565,209.278,2.09,10.52,8.79,4.18,4.68,2.39,5.55,4.82,-5.51,-6.67,0.234,-0.17742,-0.08929,0.01994,-0.38783,0.04319,-0.08028,-0.67169,-0.111948333,-0.41142,-3.6313,0.3534,-0.5594,3.6911,1661.6927,66.23087389,1615.1621,22.51691701,1.082736655,243.925,202.961,3,1,1,3,0,0,0,0,0,1,1,1,1,3,1
AA,0.84694,-0.32082,0.07984,-0.34877,0.07702,4.4939,4.784,2.1822,6.9169,2592.8205,2446.4603,2535.674167,1641.8413,55.05684764,1627.545,34.66769222,1.794652458,1.397072003,56.2034,1.71,6.98,6.82,4.04,2.39,1.71,5.91,4.79,-2.9,3.74,0.23841,-0.13082,-0.26058,0.05392,-0.41418,0.08053,-0.22047,-0.8916,-0.1486,-0.36923,0.8838,2.2391,-0.6468,2.4926,1671.8071,56.51552823,1651.3633,28.92075701,1.081609421,149.829,56.2358,1,1,1,1,0,0,0,0,0,1,2,0,0,1,2
AB,0.86,-0.37102,0.05154,-0.34267,0.06487,21.482,8.7067,5.6322,23.8539,2594.7503,2547.4408,2571.809133,1637.7705,57.70033274,1605.9285,34.96655693,1.778023041,1.394028054,161.803,2.01,16.26,6.33,0.43,5.23,2.18,10.33,4.82,-10.71,-0.56,0.21641,-0.15695,-0.25247,0.02777,-0.40988,0.0521,-0.11206,-0.85149,-0.141915,-0.37336,0.2253,3.7597,-1.2208,3.9594,1665.0979,61.85748414,1639.0727,26.04567414,1.083327994,299.14,155.698,1,1,1,1,0,0,0,0,5,1,1,0,0,1,2
AC,0.85913,-0.36713,0.05092,-0.33983,0.071183333,6.8548,4.7053,-0.0042,8.3143,2588.2365,2575.9941,2580.0749,1638.3869,56.92262885,1597.7464,33.06779082,1.770666542,1.394801114,203.864,1.71,9.23,8.07,5.75,4.92,1.71,3.5,4.81,-6.56,-2.99,0.22331,-0.13664,-0.25396,0.03497,-0.40814,0.07363,-0.16694,-0.85708,-0.142846667,-0.35995,-0.3862,2.3636,-0.0002,2.3949,1663.9425,60.49216777,1633.6947,25.3320565,1.081938004,169.75,185.864,1,0,0,1,0,0,0,1,0,0,0,0,0,1,2
AD,0.83811,0.4192,-0.09845,-0.41791,0.069693333,8.6754,-8.5162,-0.0017,12.1568,2586.1298,2583.6781,2585.312567,1601.0148,62.72601578,1638.6344,37.83940806,1.794165293,1.39436307,161.23,2.84,6.81,8.98,-0.42,1.38,2.52,9.17,4.84,2.43,-0.11,0.19528,0.37181,-0.36099,0.0871,-0.42217,0.17639,-0.1679,-0.31576,-0.052626667,-0.10818,1.9328,1.3948,0,2.3835,1680.2856,85.84865833,1633.4118,3.273131049,1.085614965,210.25,152.884,1,0,0,1,0,0,0,2,1,0,1,3,0,1,2
AE,0.84013,-0.33478,-0.21316,-0.34813,0.068543333,12.2972,-3.2051,5.1903,13.7271,2581.0654,2575.3994,2577.288067,1580.336,84.4757352,1640.2541,4.327751636,1.782517841,1.394807507,150.658,1.86,7.8,4.91,1.41,2.4,1.96,6.18,4.76,-0.88,2.32,0.19572,-0.3717,0.00488,0.00361,-0.36306,0.11199,0.11545,-0.49883,-0.083138333,-0.19211,-1.4813,1.6541,1.2391,2.5428,1653.2878,89.9744916,1657.0361,9.78406133,1.085056712,200.064,104.527,2,1,1,3,0,1,0,1,6,0,1,0,0,0,2
AH,0.84739,-0.40183,0.06334,-0.3456,0.075083333,4.7744,6.3564,0,7.9498,2585.2763,2584.619,2584.8381,1628.9032,69.44585776,1605.0325,20.76793151,1.776555979,1.394393665,66.5384,1.78,4.78,4.94,2.99,3.77,1.94,4.31,4.77,0.83,0.06,0.23112,-0.18884,-0.255,0.0352,-0.41045,0.18497,-0.13418,-0.7683,-0.12805,-0.41996,0.9941,0.9878,0,1.4014,1656.035,55.76786441,1631.4445,33.22892884,1.081681759,92.5135,59.1989,1,0,0,1,0,0,1,0,0,0,0,1,0,1,2
AI,0.86596,-0.43481,0.03001,-0.33047,0.069823333,3.479,7.266,-1.2465,8.1518,2585.3313,2548.4423,2570.019433,1640.637,71.88192719,1631.0921,18.57072517,1.766719527,1.394180318,79.967,1.7,7.96,4.87,2.18,2.38,1.7,5.27,4.78,-1.77,3.73,0.22781,-0.20744,-0.24436,0.01491,-0.40214,0.01368,0.2373,-0.58805,-0.098008333,-0.43525,-1.7056,2.3005,0.5959,2.9252,1680.3389,89.71048252,1654.7445,15.83013384,1.081987368,126.356,80.6234,2,0,0,2,0,0,0,0,0,0,1,0,0,2,2
AJ,0.89919,-0.32305,0.0694,-0.34491,0.026523333,7.3679,-0.1288,-1.00E-04,7.3691,2585.5766,2482.6177,2551.256967,1664.0283,64.89845775,1629.4522,39.0097166,1.798130444,1.396842507,126.374,1.86,8.97,8.18,4.45,3.78,2.56,3.22,4.81,-6.17,-4.32,0.23787,-0.13405,-0.25181,0.04148,-0.41039,0.05687,-0.12782,-0.82572,-0.13762,-0.37192,1.0205,-0.12,-0.7633,1.2801,1670.0608,60.84009704,1657.4078,21.23459254,1.08169882,140.417,117.596,2,0,0,2,3,0,0,0,0,0,0,3,0,2,2
AK,0.8508,-0.38566,0.05587,-0.34281,0.07014,1.7418,8.4681,-0.1568,8.6468,2583.968,2540.5232,2562.9672,1645.7022,81.01452509,1620.02,8.378503171,1.771082583,1.395428007,60.1991,1.8,5.39,4.89,1.25,3.79,1.96,4.24,4.79,0.27,-0.86,0.21387,-0.16582,-0.25951,0.02757,-0.41258,0.21182,-0.07022,-0.66874,-0.111456667,-0.37969,-0.7901,2.0732,-0.0145,2.2186,1673.1492,78.95599282,1654.9081,12.5705161,1.083723998,92.1483,50.5835,1,0,0,1,0,0,1,0,1,0,0,0,0,1,2
AL,0.84943,-0.35879,0.082,-0.35339,0.07048,-8.1169,3.775,-1.1259,9.0223,2588.9759,2576.4326,2580.6137,1650.2558,57.76839865,1596.6001,35.13491439,1.781157584,1.3944176,113.05,2.43,7.9,7.83,2.46,7.83,2.39,8.14,7.73,2.54,1.4,0.21875,-0.14832,-0.11472,0.06444,-0.41791,0.20897,-0.24778,-0.65532,-0.10922,-0.36707,-2.0094,0.7951,-0.0831,2.1627,1677.39,56.70549995,1632.3924,29.98696225,1.083475826,159.862,124.899,1,0,0,1,0,0,1,1,0,0,0,2,0,1,2
AM,0.85498,-0.35952,0.06478,-0.35996,0.067226667,4.2954,5.7246,0.8046,7.202,2583.1632,2550.1583,2571.008,1638.6432,76.97988548,1610.832,9.345674957,1.779846019,1.394351291,80.9211,1.93,6.68,6.25,3.49,3.77,2.2,4.28,4.81,0.83,3.77,0.21555,-0.15201,-0.26213,0.03806,-0.4237,0.22838,-0.09282,-0.66422,-0.110703333,-0.36756,-0.332,1.5631,0.2303,1.6145,1666.292,82.53756838,1643.1425,2.279496585,1.083461626,135.33,87.4793,1,0,0,1,0,0,1,0,0,0,0,0,0,1,2
G,0.90715,-0.33919,0.05722,-0.34944,0.053476667,2.7301,2.532,-3.6924,5.2439,2635.383,2539.8524,2592.5068,1645.6278,50.79882541,1628.561,40.80298196,1.791833996,1.390542882,50.982,1.72,7.01,9.49,6.28,3.78,1.72,7.45,4.81,-3.85,3.8,0.23535,-0.16757,-0.24932,0.03043,-0.41139,0.03242,-0.08892,-0.85435,-0.142391667,-0.40292,-0.5963,1.232,1.9518,2.3839,1672.4325,54.60073528,1651.7524,32.48262197,1.084277787,155.768,55.9777,1,1,1,2,0,1,0,0,0,0,1,0,0,1,2
H,0.84063,-0.37764,0.05474,-0.29734,0.07714,5.3305,11.6085,-0.0033,12.7738,2591.4636,2570.9325,2577.7762,1637.1016,80.7842781,1615.0078,4.339552759,1.780376464,1.395016274,71.1851,1.76,5.07,4.88,-0.61,3.77,1.82,5.13,4.83,-0.45,-0.86,0.21988,-0.17018,-0.22644,0.02679,-0.36282,0.06376,-0.00768,-0.67657,-0.112761667,-0.39006,3.1323,4.7139,0,5.6597,1666.7303,80.42127144,1640.898,3.689870103,1.083305382,87.8107,60.7467,1,0,0,2,0,0,0,0,0,0,0,0,0,1,2
I,0.85115,-0.35771,0.08268,-0.35391,0.072573333,-0.4955,8.6072,-0.6292,8.6444,2586.524,2575.5721,2579.222733,1637.262,56.60453849,1590.8382,34.53182301,1.782017788,1.394249406,121.457,2.09,6.93,6.49,4.61,1.57,2.07,6.82,6.6,4.82,1.76,0.22275,-0.14794,-0.09666,0.05969,-0.41517,0.17243,-0.25728,-0.68493,-0.114155,-0.37069,1.8977,3.1913,-0.0137,3.7129,1663.8946,58.7887568,1626.8383,25.61916086,1.083094755,145.87,128.679,1,0,0,1,0,0,0,1,0,0,0,1,0,1,2
J,0.8398,0.09801,-0.12937,-0.38931,0.067006667,7.1625,-2.221,0,7.4989,2582.0482,2581.7501,2581.849467,1615.2557,88.98980851,1644.2621,1.63442746,1.790094097,1.394622567,112.434,1.82,5.61,5.83,2.5,5.73,1.79,4.49,4.82,-1.71,0.47,0.18914,0.05164,-0.26327,0.06351,-0.40586,0.14069,-0.10542,-0.51871,-0.086451667,-0.12563,-0.1479,2.5068,0.0002,2.5111,1695.355,81.9944181,1652.4551,23.21743864,1.086069236,119.408,87.2067,1,0,0,1,0,0,1,1,1,0,0,0,0,1,2
K,0.85289,-0.34214,0.09586,-0.36341,0.077873333,-3.1375,7.6843,1.937,8.5231,2590.8685,2587.4612,2589.732733,1649.4411,61.71707369,1616.6196,27.16683456,1.787092853,1.39379589,60.6765,2.33,6.58,5.58,-0.12,5.58,2.35,6.75,6.02,-0.46,4.33,0.23072,-0.13511,-0.21041,0.07062,-0.42927,0.23607,-0.25234,-0.72044,-0.120073333,-0.36583,-2.8368,0.2199,-0.1687,2.8503,1686.664,54.1782514,1648.6252,32.07157323,1.083236713,121.296,50.392,1,0,0,1,3,0,1,0,0,0,0,3,0,1,2
L,0.84378,-0.36171,0.05789,-0.32101,0.07164,9.069,12.1239,0,15.1406,2590.1681,2560.061,2570.0967,1654.6249,78.49688298,1615.7949,6.915781339,1.77129954,1.395391471,131.953,1.76,7.14,4.89,-0.37,3.8,1.76,6.12,4.82,-2.11,2.38,0.21616,-0.13659,-0.26063,0.06171,-0.3981,0.14914,-0.10967,-0.69414,-0.11569,-0.35275,1.5035,2.965,0,3.3245,1690.4102,85.30307334,1642.5205,9.092049463,1.083771602,130.992,118.629,1,0,0,1,0,0,0,1,1,0,0,1,0,1,2
M,0.84841,-0.37648,0.04154,-0.31979,0.067443333,8.6659,6.3245,-0.3561,10.7343,2589.8448,2539.7375,2563.2953,1648.1014,75.99478252,1612.8603,11.98499882,1.766408068,1.395481832,181.888,1.82,9.25,6.08,2.86,3.8,1.92,4.47,4.82,-3.78,2.39,0.21415,-0.14001,-0.26017,0.0539,-0.39822,0.13468,-0.09644,-0.70626,-0.11771,-0.35416,-0.1801,1.7277,-0.1637,1.7448,1679.4945,79.75376518,1644.0239,9.057492476,1.083822034,178.622,164.898,1,0,0,1,0,0,0,1,1,0,0,0,0,1,2
N,0.83788,-0.36989,0.03563,-0.11738,0.092716667,6.6429,7.3962,-1.00E-04,9.9414,2584.072,2576.368,2578.936,1617.8473,59.47214761,1595.6467,24.41135469,1.788571578,1.395230968,59.7597,1.7,5.16,4.85,3.15,4.45,1.7,3.16,4.7,2.57,2.32,0.24045,-0.16656,-0.20693,0.01065,-0.18899,-0.15726,0.0358,-0.67329,-0.112215,-0.40701,5.7632,1.7718,0,6.0294,1652.4797,77.00737831,1628.4411,5.822149055,1.081066402,70.4723,56.1678,2,0,0,3,0,0,0,0,0,0,0,0,0,0,2
O,0.80975,-0.03471,-0.09838,-0.37201,0.07768,9.2964,-9.3801,-0.1261,13.207,2600.5396,2536.6538,2566.1353,1623.7247,88.50292307,1648.3739,17.69201105,1.797830811,1.395307621,103.458,1.81,4.5,7.57,4.59,6.08,1.75,5.64,4.88,0.22,2.46,0.19076,-0.03712,-0.11083,0.09419,-0.40373,0.02642,-0.2284,-0.65947,-0.109911667,-0.09657,3.7587,-0.652,-0.0838,3.8157,1553.5699,63.61603036,1681.5228,21.22660193,1.08711588,122.337,90.9399,1,0,0,2,0,0,0,1,1,0,0,0,0,1,2
P,0.8606,-0.36481,0.06231,-0.32475,0.07167,1.8222,6.317,-1.00E-04,6.5746,2600.1055,2559.3783,2586.529767,1669.2298,80.40266037,1632.9953,15.43769917,1.777049184,1.393073961,88.3694,1.7,5.52,4.89,0.2,4.51,1.7,4.34,4.81,-1.83,2.38,0.23001,-0.14512,-0.25498,0.05813,-0.39908,0.0968,0.09747,-0.54678,-0.09113,-0.37513,0.002,-0.0004,0,0.002,1681.8852,88.82971551,1642.6369,12.65836651,1.082477673,101.675,84.5283,2,0,0,2,0,0,0,0,1,0,0,0,0,2,2
Q,0.83355,-0.31714,-0.1971,-0.33998,0.07301,7.1407,-3.8629,0,8.1186,2585.224,2580.2678,2581.919867,1592.9934,88.48330279,1628.8295,5.462836441,1.788362335,1.394797834,118.367,1.7,5.51,4.89,2.65,4.52,1.7,4.19,4.21,-1.2,2.86,0.19549,-0.36204,0.00834,0.01163,-0.36251,0.09975,0.09986,-0.50497,-0.084161667,-0.18386,-0.4028,-0.0002,0.0001,0.4028,1659.8099,81.87656661,1659.8099,81.87656661,1.085179864,102.477,86.0349,2,0,0,2,0,0,0,1,1,0,0,0,0,0,2
R,0.85191,-0.36008,0.05788,-0.33822,0.070836667,6.3243,5.1747,0.2742,8.1762,2589.3174,2552.1946,2576.943133,1649.2396,54.20495315,1595.9417,4.243375394,1.782189713,1.39399621,76.1236,1.97,6.33,5.93,3.28,3.77,2.15,4.11,4.81,-2.59,-0.64,0.2236,-0.14925,-0.2495,0.03223,-0.40686,0.04876,-0.11451,-0.83913,-0.139855,-0.37285,1.9235,0.8157,0.4197,2.131,1676.9885,58.38593442,1644.1018,29.31317277,1.082994764,120.479,78.2082,3,0,0,3,0,0,1,0,0,0,0,0,0,1,2
S,0.83504,-0.14176,0.06446,-0.32238,0.085923333,2.8827,7.4779,0,8.0143,2585.5936,2583.3551,2584.101267,1693.4242,82.4240377,1557.8391,9.283142045,1.780084586,1.393874362,71.8771,1.7,5.25,4.87,1.7,4.5,1.7,4.26,4.75,0,2.31,0.23369,0.07031,-0.32626,0.06719,-0.39911,0.28583,-0.15688,-0.45892,-0.076486667,-0.16338,1.7535,0.9411,-0.0003,1.9901,1707.226,82.93147909,1591.9373,4.206789726,1.080390215,85.7759,67.7197,3,0,0,3,0,0,0,0,1,0,0,0,0,0,2
T,0.82758,-0.28269,-0.13315,-0.34982,0.082343333,1.5968,-2.6753,-1.00E-04,3.1157,2591.0671,2581.9554,2584.992633,1681.9092,21.02447652,1681.9092,21.02447652,1.79161296,1.394248858,72.9781,1.7,3.93,6.01,2.88,3.76,1.7,5.33,4.81,1.44,3.75,0.209,-0.29581,0.24673,0.06958,-0.40942,-0.05035,-0.02827,-0.46754,-0.077923333,-0.13942,-2.9692,2.2238,0,3.7097,1575.9288,64.17755574,1699.3193,19.13674796,1.084330436,85.0401,63.101,3,0,0,3,0,0,0,0,1,0,0,0,0,0,2
U,0.83756,-0.37107,0.05851,-0.35983,0.08061,6.8733,5.8019,-4.11,9.8892,2583.5207,2543.1147,2570.052033,1652.6977,48.03666425,1613.2719,41.82566028,1.77883326,1.395371266,65.0221,1.95,8.41,5.92,2.24,1.54,1.95,7.4,5.05,2.06,0.46,0.22239,-0.16414,-0.04987,0.03296,-0.42039,0.06827,-0.21072,-0.74389,-0.123981667,-0.38653,3.9997,0.1762,1.2184,4.1848,1671.8652,54.07867465,1641.2363,32.43061892,1.084002214,195.998,61.413,1,1,1,1,6,0,1,1,0,1,1,6,0,1,2
V,0.85151,-0.37325,0.05186,-0.33772,0.07001,4.0445,6.1086,0.6144,7.3519,2589.8817,2581.4235,2584.2429,1640.39,56.57284448,1608.2289,36.59285159,1.779833155,1.394326558,89.2129,1.89,6.93,6.48,4.61,4,2.09,3.29,4.81,-4.03,2.38,0.2176,-0.16096,-0.25024,0.02786,-0.40785,0.04925,-0.09228,-0.83422,-0.139036667,-0.37856,-0.2716,2.3063,0.0282,2.3223,1669.4996,60.87682011,1638.5522,23.3051073,1.083353153,129.531,99.2209,1,0,0,1,0,0,0,1,0,0,0,0,0,1,2
W,0.90605,-0.31488,0.09568,-0.3784,0.05492,5.5667,-0.1601,5.286,7.6782,2616.2604,2559.8142,2589.468467,1640.9477,85.20986484,1612.269,8.449166914,1.78855929,1.391715196,111.645,1.75,9.3,12.58,10.33,1.01,1.75,9.51,4.79,-7.87,3.76,0.23713,-0.11422,-0.27715,0.06959,-0.4391,0.27547,-0.22563,-0.71104,-0.118506667,-0.35135,-0.5622,2.1078,-1.9536,2.9284,1667.2739,89.93003508,1641.7332,5.824417803,1.080620974,264.617,117.248,1,2,2,2,0,1,1,1,0,1,2,1,0,1,2
X,0.84966,-0.37202,0.0732,-0.33669,0.07062,-15.5282,7.0924,-6.1823,18.1562,2582.8365,2575.5851,2580.419367,1639.7094,56.42310715,1609.3282,35.42873213,1.780233366,1.394414467,157.334,2.06,12.6,7.6,0.67,3.77,1.98,8.72,12.41,9.34,3.78,0.21775,-0.15898,-0.09806,0.05425,-0.40472,0.03279,-0.24912,-0.82384,-0.137306667,-0.37673,-0.9889,3.014,-0.0317,3.1722,1668.9879,70.01564598,1644.8478,22.2430169,1.083431195,215.394,168,2,0,0,2,3,0,0,1,0,0,0,4,0,2,2
Y,0.90746,-0.32113,0.0869,-0.37238,0.016826667,-11.9648,10.8784,3.8715,16.6279,2586.9031,2465.7132,2535.412067,1657.98,61.2338239,1604.32,30.84410549,1.796487053,1.398457239,171.636,2.17,8.2,6.94,-2.66,0.19,2.18,8.26,9.01,4.82,4.56,0.23134,-0.13125,-0.13519,0.07028,-0.42727,0.21223,-0.25325,-0.66445,-0.110741667,-0.36259,-2.6024,1.2409,3.1602,4.2778,1677.1165,55.94090665,1643.417,32.74211675,1.082448232,262.597,154.413,1,0,0,2,0,0,1,1,3,0,0,1,0,1,2
Z,0.84679,-0.3736,0.05734,-0.36724,0.067453333,11.4649,18.9356,-1.1319,22.1648,2583.96,2571.8322,2575.8748,1622.6929,83.4726738,1601.6556,1.791762871,1.775564632,1.394915351,134.126,2.35,9.41,4.83,1.21,3.76,2.33,11.3,6.08,4.28,3.78,0.21178,-0.15903,-0.25293,0.03442,-0.42812,0.18426,-0.04963,-0.67103,-0.111838333,-0.37081,2.7984,3.1866,-1.7357,4.5824,1662.612,89.18065929,1633.8332,4.100309896,1.084898809,285.388,119.968,1,1,1,2,0,1,1,1,2,0,1,1,0,1,2
AN,0.85479,-0.37566,0.07951,-0.36111,0.074006667,16.8837,12.1104,-3.3428,21.0451,2585.6572,2540.0492,2564.9909,1639.3949,52.31050643,1615.9136,36.12792791,1.775561277,1.395257781,130.964,1.87,9.73,4.85,0.86,3.77,1.82,7.71,4.79,-3.04,2.36,0.22001,-0.16223,-0.25618,0.04617,-0.42049,0.17956,-0.23756,-0.85073,-0.141788333,-0.38224,3.5605,0.6896,-1.3928,3.8849,1660.6022,73.63519155,1666.9623,32.57344129,1.082377664,155.37,113.861,1,0,0,1,0,0,0,1,0,0,0,5,0,1,3
AO,0.85444,-0.38229,0.07356,-0.34075,0.07322,4.2706,12.3114,-0.1582,13.0321,2587.6809,2545.6461,2568.4544,1644.058,53.30604717,1631.0148,35.5965739,1.77462235,1.395255654,73.7357,1.95,4.29,4.86,0.52,-1.3,1.91,6.2,4.79,1.43,2.36,0.21798,-0.16317,-0.259,0.0466,-0.433,0.16045,-0.2455,-0.89362,-0.148936667,-0.38115,1.5208,1.2153,0,1.9468,1657.2273,56.33945071,1671.3125,28.25510762,1.082506493,98.6174,50.1627,1,0,0,1,0,0,0,0,0,0,2,0,0,1,3
AP,0.85683,-0.38307,0.07247,-0.3746,0.071136667,9.6215,11.3142,0.7942,14.8733,2580.133,2570.2613,2576.842433,1639.2116,52.8467695,1626.2466,34.56777662,1.773196203,1.395491651,43.3499,2.55,8.44,4.86,2.01,2.42,2.48,7.51,4.8,-0.75,3.75,0.21695,-0.16179,-0.2639,0.04009,-0.44189,0.20689,-0.25542,-0.87602,-0.146003333,-0.37874,0.7229,1.4283,-0.769,1.7759,1652.4414,55.10317567,1668.47,28.38822903,1.082701878,232.703,50.8445,1,0,0,1,0,0,0,1,0,0,0,0,0,1,3
AQ,0.8874,-0.36812,0.22998,-0.37269,0.06575,-6.0239,9.7687,3.8044,12.0908,2616.7611,2549.445,2582.053967,1650.36,50.70313337,1647.8934,39.63625981,1.782537125,1.392326847,101.837,2.72,8.04,5.72,-2.69,3.58,2.7,7.59,8.69,6.05,1.27,0.2204,-0.16332,-0.25409,0.19687,-0.43488,0.04044,-0.26524,-0.88022,-0.146703333,-0.38372,0.5826,-0.3394,2.707,2.7897,1650.8328,60.70195688,1666.0839,25.0997868,1.082888483,256.596,85.0415,1,1,1,2,0,1,0,1,0,0,2,1,0,1,3
AR,0.86591,-0.37511,0.06479,-0.36648,0.074576667,7.7291,11.1722,5.0846,14.5055,2597.1334,2592.8595,2595.708767,1640.4036,57.10305443,1622.9728,32.22288048,1.780373193,1.393193979,110.31,2.2,10.49,5.98,-1.82,3.77,2.61,10.69,4.79,-0.44,3.75,0.21847,-0.16154,-0.26422,0.04318,-0.42811,0.22955,-0.26453,-0.84567,-0.140945,-0.38001,-0.8134,-0.3349,-0.458,0.9917,1662.6663,58.63382469,1664.7992,33.42194335,1.082598401,267.478,92.1884,1,2,2,1,0,0,0,2,0,2,2,0,0,1,3
AS,0.86537,-0.35616,0.06608,-0.37085,0.07454,7.6872,13.4232,-1.394,15.5311,2604.1325,2542.6294,2572.7362,1624.2586,49.35620987,1646.0565,37.63729027,1.780640311,1.393790189,150.99,2.19,9.42,5.01,2.46,3.77,2.38,11.31,4.79,3.29,3.75,0.22185,-0.16361,-0.2534,0.03874,-0.42019,0.17809,-0.22516,-0.84553,-0.140921667,-0.38546,0.0675,-0.5695,3.2284,3.279,1650.37,49.01960728,1666.6127,40.56575782,1.082198473,317.748,104.917,1,2,2,2,0,2,0,2,0,0,1,2,0,1,3
AT,0.85841,-0.387,0.07254,-0.34428,0.070853333,13.6482,17.9602,0.4433,22.5618,2587.1825,2541.1725,2566.4761,1638.2411,73.49696754,1645.1456,27.32006632,1.772292238,1.395206918,209.93,1.97,10.35,4.86,-4.1,3.77,1.99,11.58,5.91,-2.48,3.75,0.21893,-0.16735,-0.2478,0.04348,-0.41743,0.15786,-0.214,-0.84524,-0.140873333,-0.38628,2.093,0.3565,-0.0861,2.1249,1656.3382,60.83827885,1666.7053,30.2812368,1.082381093,244.698,197.265,3,1,1,3,0,0,0,0,0,1,1,1,1,3,3
AU,0.85731,-0.37991,0.07915,-0.36379,0.07107,4.8177,12.0412,0.3238,12.9732,2587.5004,2545.1567,2567.907333,1637.1382,53.76731957,1611.6427,34.5083137,1.773396958,1.39522565,130.769,1.87,6.74,4.86,0,3.77,1.82,7.01,4.79,-1.59,2.36,0.21664,-0.16591,-0.26322,0.04447,-0.42223,0.18633,-0.24093,-0.86149,-0.143581667,-0.38255,-0.0492,1.785,0.0465,1.7863,1661.6382,76.36055694,1667.299,34.74428901,1.082571296,131.285,106.828,1,0,0,1,0,0,0,1,0,0,0,0,0,1,3