"","vmin_vmin_boltz","vmin_r_boltz","fmo_e_homo_boltz","fmo_e_lumo_boltz","fmo_mu_boltz","fmo_eta_boltz","fmo_omega_boltz","somo_ra_boltz","somo_rc_boltz","nbo_P_boltz","nbo_P_ra_boltz","spindens_P_ra_boltz","nbo_P_rc_boltz","spindens_P_rc_boltz","nmr_P_boltz","nmrtens_sxx_P_boltz","nmrtens_syy_P_boltz","nmrtens_szz_P_boltz","efg_amp_P_boltz","efgtens_xx_P_boltz","efgtens_yy_P_boltz","efgtens_zz_P_boltz","nuesp_P_boltz","E_solv_cds_boltz","nbo_lp_P_percent_s_boltz","nbo_lp_P_occ_boltz","nbo_lp_P_e_boltz","nbo_bd_e_max_boltz","nbo_bd_e_avg_boltz","nbo_bds_e_min_boltz","nbo_bds_e_avg_boltz","nbo_bd_occ_min_boltz","nbo_bd_occ_avg_boltz","nbo_bds_occ_max_boltz","nbo_bds_occ_avg_boltz","E_solv_total_boltz","E_solv_elstat_boltz","E_oxidation_boltz","E_reduction_boltz","fukui_p_boltz","fukui_m_boltz","vbur_vtot_boltz","vbur_ratio_vbur_vtot_boltz","Pint_P_int_boltz","Pint_dP_boltz","Pint_P_min_boltz","Pint_P_max_boltz","volume_boltz","surface_area_boltz","sphericity_boltz","dipolemoment_boltz","dipolemoment_min","dipolemoment_max","dipolemoment_delta","dipolemoment_vburminconf","qpole_amp_boltz","qpole_amp_min","qpole_amp_max","qpole_amp_delta","qpole_amp_vburminconf","qpoletens_xx_boltz","qpoletens_xx_min","qpoletens_xx_max","qpoletens_xx_delta","qpoletens_xx_vburminconf","qpoletens_yy_boltz","qpoletens_yy_min","qpoletens_yy_max","qpoletens_yy_delta","qpoletens_yy_vburminconf","qpoletens_zz_boltz","qpoletens_zz_min","qpoletens_zz_max","qpoletens_zz_delta","qpoletens_zz_vburminconf","pyr_P_boltz","pyr_P_min","pyr_P_max","pyr_P_delta","pyr_P_vburminconf","pyr_alpha_boltz","pyr_alpha_min","pyr_alpha_max","pyr_alpha_delta","pyr_alpha_vburminconf","vbur_vbur_boltz","vbur_vbur_min","vbur_vbur_max","vbur_vbur_delta","vbur_vbur_vburminconf","vbur_qvbur_min_boltz","vbur_qvbur_min_min","vbur_qvbur_min_max","vbur_qvbur_min_delta","vbur_qvbur_min_vburminconf","vbur_qvbur_max_boltz","vbur_qvbur_max_min","vbur_qvbur_max_max","vbur_qvbur_max_delta","vbur_qvbur_max_vburminconf","vbur_qvtot_min_boltz","vbur_qvtot_min_min","vbur_qvtot_min_max","vbur_qvtot_min_delta","vbur_qvtot_min_vburminconf","vbur_qvtot_max_boltz","vbur_qvtot_max_min","vbur_qvtot_max_max","vbur_qvtot_max_delta","vbur_qvtot_max_vburminconf","vbur_max_delta_qvbur_boltz","vbur_max_delta_qvbur_min","vbur_max_delta_qvbur_max","vbur_max_delta_qvbur_delta","vbur_max_delta_qvbur_vburminconf","vbur_max_delta_qvtot_boltz","vbur_max_delta_qvtot_min","vbur_max_delta_qvtot_max","vbur_max_delta_qvtot_delta","vbur_max_delta_qvtot_vburminconf","vbur_ovbur_min_boltz","vbur_ovbur_min_max","vbur_ovbur_min_delta","vbur_ovbur_max_boltz","vbur_ovbur_max_min","vbur_ovbur_max_max","vbur_ovbur_max_delta","vbur_ovbur_max_vburminconf","vbur_ovtot_min_boltz","vbur_ovtot_min_max","vbur_ovtot_min_delta","vbur_ovtot_max_boltz","vbur_ovtot_max_min","vbur_ovtot_max_max","vbur_ovtot_max_delta","vbur_ovtot_max_vburminconf","vbur_near_vbur_boltz","vbur_near_vbur_min","vbur_near_vbur_max","vbur_near_vbur_delta","vbur_near_vbur_vburminconf","vbur_far_vbur_boltz","vbur_far_vbur_min","vbur_far_vbur_max","vbur_far_vbur_delta","vbur_far_vbur_vburminconf","vbur_near_vtot_boltz","vbur_near_vtot_min","vbur_near_vtot_max","vbur_near_vtot_delta","vbur_near_vtot_vburminconf","vbur_far_vtot_boltz","vbur_far_vtot_min","vbur_far_vtot_max","vbur_far_vtot_delta","vbur_far_vtot_vburminconf","sterimol_B1_boltz","sterimol_B1_min","sterimol_B1_max","sterimol_B1_delta","sterimol_B1_vburminconf","sterimol_B5_boltz","sterimol_B5_min","sterimol_B5_max","sterimol_B5_delta","sterimol_B5_vburminconf","sterimol_L_boltz","sterimol_L_min","sterimol_L_max","sterimol_L_delta","sterimol_L_vburminconf","sterimol_burB1_boltz","sterimol_burB1_min","sterimol_burB1_max","sterimol_burB1_delta","sterimol_burB1_vburminconf","sterimol_burB5_boltz","sterimol_burB5_min","sterimol_burB5_max","sterimol_burB5_delta","sterimol_burB5_vburminconf","sterimol_burL_boltz","sterimol_burL_min","sterimol_burL_max","sterimol_burL_delta","sterimol_burL_vburminconf","class","flag"
"L1",-0.062157458,1.826695808,-0.230615103,0.036187804,-0.09721365,0.266802907,0.017713373,0.128594504,-0.495212503,0.732884024,0.603527305,0.187182779,1.331120244,0.790572495,315.6998514,298.0305157,313.8003366,335.2687861,1.69009076,-0.695169915,-0.684754769,1.379924682,-54.19777261,-2.201650962,53.79206977,1.95376289,-0.317891961,-0.450245527,-0.450454297,0.200551486,0.201753861,1.969418655,1.970052166,0.027816784,0.026284174,-5.008722182,-2.80707122,0.298367866,0.082910438,0.129356719,0.59823622,151.6454891,0.314514032,16.24898608,3.06496945,11.38629328,26.42063314,193.1211225,189.4594703,0.852904772,1.279253038,1.260425958,1.335250168,0.074824209,1.335250168,2.653686938,2.333564803,3.899440923,1.56587612,3.899440923,1.200946474,0.955873718,1.779973816,0.824100097,1.76662627,0.957207251,0.684156873,1.410612206,0.726455334,1.410612206,-2.158153725,-3.177238476,-1.882113947,1.295124529,-3.177238476,0.951508365,0.919633776,0.957432681,0.037798906,0.92109431,15.08487935,14.14287605,19.75071279,5.607836738,19.57036577,47.69626725,43.82863455,49.58215605,5.753521504,43.82863455,10.47172461,9.635919582,11.24347504,1.607555454,9.794897089,13.40688539,12.72029241,14.93028894,2.209996535,13.44092071,27.67903988,22.29004866,31.51210228,9.222053611,28.13325089,44.63557389,44.23055204,46.18495171,1.954399668,44.82517405,2.500848474,1.392099095,5.213834703,3.821735607,3.629289151,13.8160545,8.11975199,22.28624188,14.16648988,13.73184306,0,0,0,13.40688539,12.72029241,14.93028894,2.209996535,13.44092071,0,0,0,44.63557389,44.23055204,46.18495171,1.954399668,44.82517405,47.69626725,43.82863455,49.58215605,5.753521504,43.82863455,0,0,0,0,0,150.9730276,149.4491828,152.8046924,3.355509573,149.8243927,0,0,0,0,0,3.198165116,2.973777114,3.397559601,0.423782487,2.985816975,4.82141752,4.78785632,4.889759727,0.101903407,4.821202198,6.137610207,5.759324075,6.79753254,1.038208465,6.744437235,3.198165116,2.973777114,3.397559601,0.423782487,2.985816975,4.82141752,4.78785632,4.889759727,0.101903407,4.821202198,6.137610207,5.759324075,6.79753254,1.038208465,6.744437235,"1",1
"L5",-0.067275049,1.781648593,-0.217024867,0.020780428,-0.098122219,0.237805294,0.020243809,0.090148622,-0.396203392,0.802522181,0.780564157,0.023098001,1.404488661,0.765905749,271.4718538,205.0078513,285.9171614,323.4904622,1.682547093,-0.711608016,-0.66188353,1.373491747,-54.20318078,-9.890414248,49.35908217,1.931092312,-0.288995946,-0.43280904,-0.436984181,0.201408912,0.20432279,1.94675187,1.954268712,0.044758281,0.036774379,-13.62277084,-3.732356589,0.268019405,0.055689058,0.021958025,0.60196648,394.1135588,0.163129584,19.67979422,3.718489833,11.95249584,31.45342836,495.6908896,387.4673105,0.781771957,1.202751491,1.141093591,1.278767095,0.137673504,1.211276719,3.534844287,2.947867365,4.48720924,1.539341875,4.48720924,2.032064031,1.6986202,2.237337213,0.538717013,2.192772169,0.750804917,0.410285681,1.445529708,1.035244027,1.445529708,-2.782868949,-3.638301877,-2.259092754,1.379209123,-3.638301877,0.882625579,0.842556737,0.891186263,0.048629526,0.844903298,23.89780413,22.92997772,28.27901811,5.349040391,28.03976884,64.29165019,58.92103871,75.44424044,16.52320173,58.92103871,13.92787071,10.98618249,14.29960844,3.313425945,10.98618249,18.8854979,16.97503254,28.98097207,12.00593953,17.85882198,61.28517904,48.0614834,68.98312759,20.92164419,62.493345,135.9743252,134.8561721,136.1448011,1.288629043,135.7218615,4.586042098,2.476702222,16.05882006,13.58211784,6.324585446,64.96786883,59.01182319,77.50284911,18.49102592,63.07897887,0,0,0,17.86026266,16.97503254,21.15446754,4.179434999,17.85882198,0,0,0,135.9742827,134.8561721,136.1448011,1.288629043,135.7218615,63.26742815,58.92103871,67.78926428,8.868225565,58.92103871,1.024222048,0,8.523077029,8.523077029,0,389.8802785,380.175642,395.1086419,14.93299997,392.9798059,4.232918205,0,13.67503397,13.67503397,0,4.637579103,4.038317879,5.034807393,0.996489513,4.412270599,7.026003105,6.840618946,7.447244953,0.606626007,6.842587759,7.532539207,7.481782674,8.6456934,1.163910726,8.6456934,4.575603376,4.038317879,5.028204081,0.989886202,4.157678306,6.615312944,6.374532284,7.124679147,0.750146863,6.37728811,7.056267576,7.03779704,7.146162634,0.108365594,7.099058073,"1",5
"L7",-0.059781844,1.802829518,-0.228121133,-0.022783291,-0.125452212,0.205337842,0.038325835,0.080182348,-0.405563354,0.777885363,0.723929585,0.055159537,1.307214038,0.678149834,292.3202841,260.9183257,298.2880507,317.7544643,1.71407757,-0.797622714,-0.597112579,1.394735293,-54.19539796,-8.218373411,50.69841906,1.935670999,-0.303659176,-0.439587751,-0.450902832,0.198602467,0.21072224,1.948152478,1.954991282,0.039628714,0.034067657,-12.82842212,-4.610048704,0.281107751,0.029025405,0.053955777,0.529328676,317.6658126,0.17484924,19.02252936,3.754954949,12.59803322,32.84364759,390.3324494,331.952443,0.77810819,1.282876989,1.175554403,1.403333306,0.227778903,1.352677245,4.94755439,3.965597965,7.734826083,3.769228118,6.493843632,3.385128325,2.829232453,3.930454212,1.101221759,3.502394227,0.189464386,-0.640803521,2.315825838,2.956629359,1.696255361,-3.574592711,-6.246280049,-2.445967075,3.800312974,-5.198649589,0.927989616,0.875135379,0.947343632,0.072208253,0.875135379,18.59646964,15.79480679,24.8592045,9.064397709,24.8592045,55.54336966,51.80051982,69.44283953,17.64231971,51.80051982,11.62698496,10.01349116,12.81337792,2.79988676,11.41395749,16.04041371,14.83511162,27.89741485,13.06230323,15.13110264,55.99522608,37.42611615,63.91674427,26.49062812,59.15918054,96.91792497,93.41783709,100.8290011,7.41116401,98.94804586,4.17087226,3.027893975,15.57979573,12.55190176,3.027893975,35.36811694,26.28887046,55.60361532,29.31474486,26.28887046,0,0,0,15.67692143,14.83511162,21.85940728,7.024295659,15.13110264,0,0,0,96.91784027,92.32670229,100.8290011,8.502298804,98.94804586,55.13931271,51.80051982,64.35555929,12.55503947,51.80051982,0.404056949,0,6.291116497,6.291116497,0,316.8354466,304.2558096,318.535802,14.27999236,318.1838638,0.827339313,0,10.15636848,10.15636848,0,4.381598493,3.439563811,4.593257404,1.153693593,4.506486357,6.744885148,6.324707196,6.809449764,0.484742568,6.5858274,7.819549287,7.65908993,7.861115647,0.202025717,7.696080931,4.188141959,3.439563811,4.480663611,1.0410998,4.278165637,6.354100994,6.043272842,6.493950267,0.450677425,6.137342167,7.331124184,7.181869872,7.398708589,0.216838717,7.232377828,"1",6
"L8",-0.0482304,1.860160207,-0.22839,-0.02949,-0.12894,0.1989,0.041793674,0.06051,-0.39438,0.79827,0.74625,0.04402,1.15315,0.45545,296.1527,284.3266,284.4367,319.6948,1.783838048,-0.72827,-0.728227,1.456498,-54.177169,-7.18,49.37,1.90175,-0.30781,-0.47689,-0.476896667,0.22426,0.224266667,1.95295,1.95295,0.03714,0.037103333,-13.92098384,-6.740983837,0.2765862,0.0158004,0.05202,0.35488,302.7159072,0.167446513,19.45,3.92,13.27,34.77,344.20752,307.53512,0.77233,1.460510726,1.460510726,1.460510726,0,1.460510726,4.561356291,4.561356291,4.561356291,0,4.561356291,1.882705291,1.882705291,1.882705291,0,1.882705291,1.841550763,1.841550763,1.841550763,0,1.841550763,-3.724256054,-3.724256054,-3.724256054,0,-3.724256054,0.932082024,0.932082024,0.932082024,0,0.932082024,18.07622581,18.07622581,18.07622581,0,18.07622581,50.68872317,50.68872317,50.68872317,0,50.68872317,11.48926263,11.48926263,11.48926263,0,11.48926263,13.88438429,13.88438429,13.88438429,0,13.88438429,61.42008783,61.42008783,61.42008783,0,61.42008783,86.83775327,86.83775327,86.83775327,0,86.83775327,1.337712053,1.337712053,1.337712053,0,1.337712053,25.41766543,25.41766543,25.41766543,0,25.41766543,0,0,0,13.88438429,13.88438429,13.88438429,0,13.88438429,0,0,0,86.83775327,86.83775327,86.83775327,0,86.83775327,50.68872317,50.68872317,50.68872317,0,50.68872317,0,0,0,0,0,302.7159072,302.7159072,302.7159072,0,302.7159072,0,0,0,0,0,4.287868079,4.287868079,4.287868079,0,4.287868079,6.323592295,6.323592295,6.323592295,0,6.323592295,7.181925015,7.181925015,7.181925015,0,7.181925015,4.278755456,4.278755456,4.278755456,0,4.278755456,6.029300445,6.029300445,6.029300445,0,6.029300445,6.914110295,6.914110295,6.914110295,0,6.914110295,"1",7
"L9",-0.044338975,1.840157782,-0.218292271,-0.054109579,-0.136200925,0.164182692,0.056494232,0.022655437,-0.348938622,0.7809325,0.764973424,0.002050072,1.021587782,0.314130677,317.272652,303.5241081,323.9747237,324.3192241,1.825032699,-0.745201487,-0.744930577,1.490132063,-54.17531311,-11.99893109,48.47539546,1.882529722,-0.306313401,-0.480247451,-0.480254594,0.228840975,0.22886619,1.951895971,1.951907023,0.043899158,0.043877489,-21.39738108,-9.398449993,0.258267128,-0.015514844,0.015959076,0.240655282,459.1106985,0.152664011,21.0606989,4.780370007,13.59045223,38.36958888,515.2044482,433.1046409,0.717592195,1.100700938,1.099512349,1.388622849,0.2891105,1.388622849,6.844312013,6.834569204,9.204394424,2.36982522,9.204394424,2.812044231,2.793457754,7.314403053,4.5209453,7.314403053,2.766596539,-2.162186698,2.786943366,4.949130064,-2.162186698,-5.57864077,-5.58040112,-5.152216355,0.428184765,-5.152216355,0.921943386,0.891148473,0.922070512,0.030922039,0.891148473,19.4609821,19.44533351,23.25167139,3.806337876,23.25167139,70.08970723,63.87653496,70.11535623,6.238821264,63.87653496,15.5446136,11.32923922,15.56201535,4.232776137,11.32923922,19.32842879,19.32727211,19.60862046,0.281348352,19.60862046,95.28549301,61.00873194,95.42699311,34.41826117,61.00873194,134.1746763,134.1390293,142.8097441,8.670714736,142.8097441,3.126562602,3.105290919,8.279381245,5.174090326,8.279381245,23.93994782,23.71588554,78.21643975,54.50055421,78.21643975,0.208320948,0.209180931,0.209180931,18.46204564,18.46126306,18.6516177,0.190354647,18.6516177,0.99340088,0.997501802,0.997501802,129.6961006,129.6426295,142.6488472,13.00621774,142.6488472,67.52654996,62.9195322,67.54556849,4.626036287,62.9195322,2.563157266,0.957002759,2.569787736,1.612784977,0.957002759,445.6433976,445.6183918,451.7007642,6.082372424,451.7007642,13.4578891,4.639214576,13.49429404,8.855079463,4.639214576,5.253818878,4.247712001,5.257972252,1.010260251,4.247712001,7.526069097,7.525740513,7.605664838,0.079924325,7.605664838,6.98336117,6.972955611,9.503987301,2.53103169,9.503987301,5.06633284,4.155863792,5.070091406,0.914227614,4.155863792,7.117374709,7.117187335,7.162763869,0.045576534,7.162763869,6.78674299,6.783831984,7.491900441,0.708068457,7.491900441,"1",8
"L10",-0.0376375,1.860159885,-0.23821,-0.04316,-0.140685,0.19505,0.050736399,0.04582,-0.39844,0.80574,0.78555,0.0056,1.12031,0.39734,301.0801,288.9218,289.1366,325.1818,1.804477879,-0.736877,-0.736473,1.47335,-54.164252,-5.28,49.57,1.9063,-0.32062,-0.48988,-0.489913333,0.21163,0.211683333,1.95313,1.953143333,0.03774,0.03772,-12.96924022,-7.689240224,0.2860785,0.0013777,0.02019,0.31457,328.8549334,0.154661805,19.04,4.64,10.11,34.27,357.90566,322.80442,0.755191,0.463124692,0.463124692,0.463124692,0,0.463124692,6.351720798,6.351720798,6.351720798,0,6.351720798,5.185927142,5.185927142,5.185927142,0,5.185927142,-2.55055712,-2.55055712,-2.55055712,0,-2.55055712,-2.635370021,-2.635370021,-2.635370021,0,-2.635370021,0.932953799,0.932953799,0.932953799,0,0.932953799,17.95302952,17.95302952,17.95302952,0,17.95302952,50.86129744,50.86129744,50.86129744,0,50.86129744,11.50390529,11.50390529,11.50390529,0,11.50390529,13.96491895,13.96491895,13.96491895,0,13.96491895,64.81468453,64.81468453,64.81468453,0,64.81468453,95.85096251,95.85096251,95.85096251,0,95.85096251,1.342941576,1.342941576,1.342941576,0,1.342941576,31.03627798,31.03627798,31.03627798,0,31.03627798,0,0,0,13.96491895,13.96491895,13.96491895,0,13.96491895,0,0,0,95.85096251,95.85096251,95.85096251,0,95.85096251,50.86129744,50.86129744,50.86129744,0,50.86129744,0,0,0,0,0,328.8549334,328.8549334,328.8549334,0,328.8549334,0,0,0,0,0,4.449644321,4.449644321,4.449644321,0,4.449644321,6.919859432,6.919859432,6.919859432,0,6.919859432,7.224825242,7.224825242,7.224825242,0,7.224825242,4.253705307,4.253705307,4.253705307,0,4.253705307,6.051845084,6.051845084,6.051845084,0,6.051845084,6.94342827,6.94342827,6.94342827,0,6.94342827,"1",9
"L11",-0.084457972,1.839747511,-0.180680014,0.00454844,-0.088065787,0.185228454,0.020944997,0.082263696,-0.319646978,0.86834394,0.837922692,0.029031781,1.16246142,0.380290719,360.20513,333.7043247,358.7077901,388.2033043,1.936590924,-0.817345663,-0.763544291,1.580889872,-54.19999548,-0.902954428,50.54971425,1.886010987,-0.271977051,-0.446797444,-0.450017764,0.24683782,0.253779132,1.946624748,1.949370996,0.047159504,0.044003277,-18.27748613,-17.3745317,0.221330631,0.043743315,0.030421247,0.294117481,555.2387854,0.139043138,20.33963948,5.332636155,12.12716029,39.47371651,640.222457,538.9149746,0.666606263,2.636934986,0.871871435,4.72945632,3.857584886,2.431555284,18.94646023,5.774139946,31.55214774,25.7780078,21.5286146,13.24520005,3.694642643,25.38889922,21.69425658,12.77399017,-0.587176477,-9.870761222,5.898680466,15.76944169,4.070514418,-12.65802357,-16.84450459,-4.383570113,12.46093448,-16.84450459,0.887573081,0.857941299,0.895113928,0.037172629,0.89185347,23.49063753,22.62402672,26.89498862,4.270961897,22.98871448,77.20512236,73.33046713,86.03611688,12.70564974,73.33046713,12.96931767,11.85742107,15.45637898,3.598957916,12.16177932,27.72064458,22.31542171,34.17179687,11.85637516,26.01269466,106.2027886,93.36188175,125.4019175,32.04003578,109.6991648,167.1634983,153.9532972,172.5556935,18.60239628,168.3405903,14.54388214,6.635219128,19.83348996,13.19827083,13.85091534,57.83335396,29.52313748,70.96597542,41.44283793,55.99144713,0.036795108,0.441371764,0.441371764,20.93540202,19.10972394,22.2233821,3.113658156,20.48822628,0.114478483,0.69587934,0.69587934,152.0418217,147.2888373,156.6210586,9.33222131,152.1160669,68.50887585,66.64295277,72.29397562,5.651022848,66.64295277,8.696246517,5.544340573,14.96062018,9.416279604,6.687514361,532.0401651,518.4707668,538.5238236,20.05305681,533.4420795,21.82041622,12.57052116,30.72898274,18.15846157,21.50013132,5.54094833,5.035591043,5.679096345,0.643505302,5.558046638,8.696045127,8.597056977,8.824454679,0.227397702,8.642401326,8.721602944,8.189196692,8.772725884,0.583529193,8.755444962,5.060255822,4.5630331,5.167101252,0.604068153,5.167101252,6.191875268,6.169524525,6.217836668,0.048312144,6.184573431,7.188707693,7.126510579,7.695818705,0.569308126,7.179184273,"1",10
"L12",-0.053776887,1.779549757,-0.224118798,-0.024146236,-0.124132517,0.199972562,0.038544294,0.072953347,-0.393417285,0.76984758,0.721598803,0.041594413,1.301644922,0.665867734,314.5918138,284.4378696,311.917264,347.4203086,1.765735885,-0.850195845,-0.583232485,1.433428628,-54.19643716,-8.395423452,51.32505526,1.934277655,-0.305699845,-0.437724973,-0.448688497,0.199623077,0.210751694,1.948683385,1.954125454,0.04031507,0.036065093,-14.84531316,-6.449889704,0.274168623,0.024554408,0.048248776,0.531797342,383.1964432,0.210286948,19.48821084,4.153158953,12.60236281,34.79170139,463.9480438,386.961018,0.749022355,0.775661532,0.120035965,2.523462197,2.403426232,2.523462197,11.11002051,8.395230026,14.17021792,5.774987898,9.11513061,8.178210173,5.545849769,10.42153506,4.875685295,6.446075504,-0.81836448,-1.765761918,1.543374582,3.3091365,-0.001409907,-7.359845692,-9.577615587,-6.261851131,3.315764456,-6.444665596,0.933071416,0.868839275,0.950892045,0.082052769,0.880744191,17.81443504,15.15386074,25.64028569,10.48642495,24.11604256,80.57245826,58.02469842,116.7972187,58.77252025,58.02469842,13.08286773,9.992573069,18.12029814,8.12772507,12.71610879,31.15378836,17.2574268,43.3914464,26.1340196,17.30763022,62.7296364,46.52900765,70.19961967,23.67061202,57.93455004,143.5731157,125.7955106,157.2732264,31.47771581,125.7955106,17.07192626,4.348871553,27.76667677,23.41780521,4.591521433,72.93450438,46.06372928,105.6479534,59.58422411,53.39188612,0.034512243,0.885881242,0.885881242,21.52635371,17.2574268,22.4482516,5.1908248,17.30763022,0.02732676,1.110740218,1.110740218,113.5847743,104.6526511,126.8411851,22.18853403,125.7955106,66.99215662,58.02469842,79.0756214,21.05092298,58.02469842,13.58030164,0,39.06767656,39.06767656,0,344.3839746,328.0268572,383.7883414,55.76148424,383.3711976,36.69207857,0,52.18735481,52.18735481,0,4.474959078,3.473421024,4.590282839,1.116861815,4.510999998,6.765848233,6.312936353,7.115884606,0.802948253,6.851729256,7.750458988,7.488827844,9.952257831,2.463429987,9.309969318,4.394388668,3.473421024,4.55746743,1.084046406,4.349140826,6.588213597,6.113184658,6.958318613,0.845133955,6.417680477,7.280783181,7.028119532,7.780193714,0.752074182,7.780193714,"1",11
"L25",-0.066672543,1.814522259,-0.215938504,-0.030007941,-0.122973222,0.185930563,0.040666859,0.061826009,-0.37805546,0.781708762,0.765828694,0.0204144,1.285648828,0.62379933,275.931786,246.5839595,282.6009044,298.6103738,1.846816605,-0.849851949,-0.653812507,1.503664456,-54.19677354,-6.827941024,49.92007618,1.924733834,-0.29176311,-0.431776385,-0.444563763,0.1832527,0.199656673,1.935152774,1.944672922,0.060888116,0.050614354,-13.262114,-6.434172981,0.264474631,0.016017104,0.015880067,0.503940066,354.8547495,0.275095598,19.42600838,3.79802439,13.54806688,34.88070327,423.6547295,341.7867658,0.798124467,1.002944545,1.002388091,1.407256216,0.404868125,1.380969794,4.646420667,4.5204094,5.159026889,0.638617489,4.595207133,2.408130462,2.124586585,3.16412322,1.039536635,3.16412322,1.326934307,0.164136398,1.55144913,1.387312732,0.164136398,-3.735064769,-4.023089078,-3.328259619,0.694829459,-3.328259619,0.858996205,0.757343407,0.860114341,0.102770933,0.792528823,26.52338725,26.38884471,36.29501036,9.906165649,32.94498786,97.61959082,66.52371964,99.02416088,32.50044123,66.52371964,15.42718067,14.26613949,15.51390374,1.247764253,14.26613949,42.36677862,19.0773009,42.54635544,23.46905454,19.975733,55.10220433,55.08380538,62.39105469,7.307249307,56.36803291,165.1068248,124.6353342,167.7343422,43.09900808,124.6353342,24.80543996,3.930509692,25.49810957,21.56759988,5.709593509,104.7842581,63.24279448,111.6344049,48.3916104,63.24279448,0,0,0,22.11023054,19.00094986,22.22129029,3.220340431,19.69752236,0,0,0,111.113352,109.4613945,127.0540525,17.59265804,124.6353342,72.25556729,66.2444631,72.94557422,6.701111121,66.2444631,25.36402353,0.279256543,26.07858665,25.79933011,0.279256543,290.3406954,289.4362489,355.0262245,65.58997562,349.6396813,61.42398583,0.148270982,63.42649966,63.27822868,0.148270982,3.918473602,3.80618456,4.001884221,0.195699661,4.001884221,6.326523168,6.309413263,6.786482291,0.477069028,6.710866592,7.654241668,7.638048689,10.27879649,2.640747796,9.832448217,3.918473602,3.80618456,4.001884221,0.195699661,4.001884221,6.0858687,6.083480862,6.310058583,0.226577721,6.249141954,7.19386528,7.190901212,8.274696657,1.083795445,7.434028343,"1",13
"L26",-0.059597671,1.830491154,-0.220462128,-0.024265621,-0.122363874,0.196196507,0.038169575,0.065070958,-0.374643974,0.793566069,0.763528333,0.030059152,1.240513293,0.561066146,300.5068374,271.1707105,298.3725095,331.9773662,1.744009443,-0.826875611,-0.590528419,1.417404043,-54.19586908,-10.39592176,51.31601942,1.924572028,-0.30298167,-0.43948431,-0.449813402,0.201659974,0.212752363,1.946989312,1.953911976,0.040491834,0.035286358,-16.57283621,-6.176914456,0.266832746,0.020623375,0.030037736,0.446947224,419.8573721,0.219300196,20.13555942,4.391505779,12.89134758,38.38633827,506.5121554,412.9764238,0.744167694,1.122991543,0.945770871,1.543612203,0.597841332,1.242457902,3.305145701,2.771431192,6.651005602,3.87957441,6.189924634,2.318997073,1.453338943,3.641042057,2.187703114,3.311826484,0.007245987,-0.596666683,1.928993173,2.525659855,1.650359205,-2.32624306,-5.360765091,-1.974823826,3.385941265,-4.962185689,0.926967313,0.86943677,0.951262892,0.081826122,0.883233259,18.58252594,15.10649001,25.55177918,10.44528917,23.96768064,92.07343238,56.58344181,116.2418433,59.65840149,56.58344181,14.05939452,11.06462534,22.32588075,11.26125541,11.44219692,38.4882188,16.3359848,43.08708815,26.75110335,16.85056989,69.13940132,43.48588957,76.84969288,33.36380331,59.06065253,154.9246539,133.228605,188.0078691,54.77926413,153.8294153,21.43413895,2.849044279,27.53344003,24.68439575,5.408372968,80.03225195,56.37891211,131.2287484,74.84983629,90.28591318,0.00327188,2.640909253,2.640909253,22.19634539,16.3359848,22.34052342,6.004538621,16.85056989,0.007220504,4.273604669,4.273604669,115.3197287,113.5137196,159.4577822,45.94406267,153.8294153,69.52125081,56.58344181,82.92036691,26.3369251,56.58344181,22.55218157,0,33.32147639,33.32147639,0,361.5480754,339.5058261,419.6334104,80.12758429,418.8803127,54.95125499,0,79.56600252,79.56600252,0,4.450142,3.784263764,4.807744324,1.02348056,4.388135036,6.763021393,6.328606517,6.854222998,0.525616481,6.827444968,7.815487826,7.35006122,9.899206778,2.549145558,9.190133697,4.418789806,3.784263764,4.62098576,0.836721996,4.349813924,6.418879103,6.083207818,6.765426539,0.682218721,6.400231093,7.352762578,7.001946458,8.148531005,1.146584548,8.148531005,"1",14
"L42",-0.064408457,1.810216318,-0.217078277,-0.028907645,-0.122992961,0.188170633,0.040195659,0.057400103,-0.364024739,0.782719636,0.740602855,0.047494708,1.186653272,0.506759488,271.3192114,245.0808055,272.244164,296.6325819,1.817337362,-0.833482546,-0.646431524,1.479914646,-54.19499359,-8.215500756,50.17516704,1.923716493,-0.293411707,-0.431208445,-0.44329093,0.181330501,0.1985914,1.934873937,1.944335281,0.058918688,0.050213937,-15.39349888,-7.17799812,0.260328164,0.014536803,0.042116781,0.403933636,511.2593132,0.221601383,20.3025624,4.669336501,12.73000676,40.16590842,621.7007089,471.520607,0.747087257,1.119257421,0.911094763,1.185049967,0.273955204,0.911094763,4.582341647,4.272379079,4.759715726,0.487336648,4.599605274,3.583383945,3.309648251,3.705624252,0.395976001,3.70312568,-0.859928973,-1.30996395,-0.700212734,0.609751216,-1.30996395,-2.723454972,-2.867064843,-2.39316173,0.473903113,-2.39316173,0.865591665,0.856300269,0.865933925,0.009633657,0.86265934,25.97015926,25.932893,26.97541562,1.042522615,26.3613123,113.2957086,101.8805265,121.0205817,19.14005518,101.8805265,15.17582596,14.7190162,15.55783174,0.838815533,14.7190162,42.32947625,39.33124453,43.26593784,3.93469331,39.33124453,55.89064598,54.68993054,56.75084207,2.06091153,54.82834205,251.5964169,247.2541575,255.6717457,8.417588231,250.5994676,23.77316726,19.39734772,24.00874134,4.611393622,19.39734772,169.6441293,158.6728042,176.248505,17.57570074,176.248505,0,0,0,22.30232256,22.21710667,22.34470704,0.127600368,22.24952971,0,0,0,152.9576693,152.771251,163.1587774,10.38752639,158.3968936,76.32973878,75.04365896,76.77463116,1.730972203,75.40240426,36.96596982,26.47812223,44.28046536,17.80234312,26.47812223,359.956768,357.5834543,368.9197608,11.33630652,368.9197608,148.6895109,136.9641564,150.5713752,13.60721879,136.9641564,3.929625798,3.927323497,3.988085318,0.060761821,3.988085318,7.760101863,7.6664563,8.010692937,0.344236637,7.6664563,7.511755362,7.330421591,7.536993145,0.206571555,7.330421591,3.929625798,3.927323497,3.988085318,0.060761821,3.988085318,7.714487114,6.585468275,7.805641584,1.220173309,7.013850595,7.073571378,6.934689441,7.078593438,0.143903998,6.934689441,"1",26
"L43",-0.074076078,1.838715961,-0.210196618,-0.02551457,-0.117855594,0.184682048,0.037606591,0.055145466,-0.331429052,0.792585541,0.752958872,0.045228894,1.168100855,0.485141658,296.1048333,267.5167933,293.7600285,327.0376455,1.815189224,-0.90737581,-0.561165187,1.468540998,-54.20311189,-10.59386692,51.45906016,1.932007622,-0.292564035,-0.430054644,-0.439949536,0.206344764,0.217130799,1.951033343,1.953028757,0.037697624,0.034982922,-19.57370026,-8.979833343,0.251268162,0.014957577,0.039626669,0.375515314,616.6816012,0.18064976,20.88653219,5.150797767,12.82127116,40.490616,751.5802136,579.3421153,0.69003181,3.717408433,2.410142627,3.843556027,1.4334134,2.985846638,10.74367927,10.0844886,14.04792668,3.963438076,12.86448328,7.775805905,7.258186955,11.14926731,3.89108035,9.981330091,-0.374358843,-3.241716833,-0.168257856,3.073458977,-2.157424457,-7.401447062,-8.658732124,-6.996213433,1.662518691,-7.823905635,0.913857822,0.838311253,0.932176399,0.093865146,0.89069298,20.38029942,17.99735201,28.68710084,10.68974884,22.97536203,111.4042064,62.69780042,130.2412771,67.54347668,62.69780042,15.15057356,10.84707717,18.40896782,7.561890652,12.92947334,43.63558478,18.48950248,44.25013412,25.76063164,18.48950248,68.39192888,54.72409624,92.93476884,38.2106726,87.43358039,272.2095144,209.9204642,291.3740055,81.45354129,266.9934016,24.10335938,5.560029143,27.53866955,21.97864041,5.560029143,144.5277926,126.6824014,185.3880508,58.70564945,174.5724937,0.199149025,1.251947871,1.251947871,22.29396744,18.44452858,22.37190056,3.927371978,18.44452858,1.221232853,2.307477161,2.307477161,175.8740309,167.7410216,269.3924265,101.6514048,263.443222,73.10395962,61.38937369,81.3682444,19.97887071,62.34010103,38.30024675,0.357699392,51.26083302,50.90313363,0.357699392,461.8805582,438.1032122,604.932151,166.8289388,604.7803013,154.7676224,5.154469124,170.1021865,164.9477174,5.154469124,4.882262639,4.296410353,5.157418414,0.86100806,4.96477375,8.189400952,7.404506537,9.731166853,2.326660316,9.590150391,8.698817267,8.327062593,11.68356021,3.356497613,9.971252218,4.841864438,4.281207662,5.157418414,0.876210752,4.96477375,7.145574441,6.359233338,7.715195673,1.355962335,7.288789824,7.152649113,7.11498755,8.268750421,1.153762871,7.668312745,"1",27
"L82",-0.068816419,1.787897272,-0.207958423,-0.029035994,-0.118497209,0.178922429,0.039240302,0.053403191,-0.346295515,0.781668752,0.744561716,0.045147748,1.275103187,0.607814692,256.584235,223.6073718,260.8411975,285.3041841,1.88705977,-0.913887133,-0.617343258,1.531229874,-54.19877571,-7.653585538,49.02306762,1.915960908,-0.281183785,-0.424879081,-0.438028706,0.185369208,0.20142789,1.938234132,1.944320864,0.062443409,0.054392876,-15.1959166,-7.542331063,0.251241571,0.012326628,0.037107037,0.493434435,555.0705046,0.221108785,20.59028055,4.788419856,12.79804503,40.78468754,672.8351976,497.9814371,0.745665219,2.461716403,1.299929732,2.479000192,1.17907046,1.53730121,11.51913433,11.08234353,12.17430405,1.091960524,11.8046496,9.400024522,9.048002995,9.728133743,0.680130748,9.530501543,-4.450075493,-4.527471763,-2.416356066,2.111115697,-3.519445273,-4.949949029,-7.142136758,-4.620954911,2.521181847,-6.01105627,0.814800624,0.726135426,0.81730701,0.091171583,0.795580271,31.15084739,30.82713748,38.35535571,7.528218237,32.18949584,122.7311214,74.98718011,129.7653905,54.77821037,74.98718011,16.15037597,13.84777763,17.65382466,3.806047038,13.85509896,43.82181042,25.69055603,44.56495142,18.87439539,26.42164338,57.49621155,53.81587281,67.52743538,13.71156257,63.40123072,267.2436879,249.8391176,276.172376,26.33325837,256.9021637,23.40862744,9.993618974,24.84232735,14.84870838,12.56654442,170.3530143,150.0539013,180.5043304,30.45042914,155.6439486,0.01965497,0.558513085,0.558513085,22.33600661,20.96097518,22.43360893,1.472633754,21.06347384,0.02948277,0.365154826,0.365154826,170.6727717,170.1417361,256.8130217,86.6712856,256.8130217,78.6856483,69.35707535,79.09340178,9.736326429,69.35707535,44.04547306,4.794426936,50.97530105,46.18087411,5.630104755,387.157338,386.6491816,539.8038166,153.154635,539.7588295,161.1880863,12.03004252,161.4958526,149.4658101,13.65088091,3.897826806,3.823399802,4.050393359,0.226993557,4.050393359,7.505268661,7.385797012,8.989409917,1.603612905,8.989409917,8.666970189,8.623588241,10.53871962,1.915131381,10.33479675,3.897826806,3.823399802,4.050393359,0.226993557,4.050393359,7.462887065,6.591320009,7.700089482,1.108769473,7.253890082,7.126501573,6.856741866,7.95867772,1.101935854,6.859572692,"1",38
"L28",-0.062433183,1.788512655,-0.209482278,-0.025668337,-0.117575307,0.183813941,0.037604314,0.06187543,-0.358408466,0.807958239,0.796653138,0.010025033,0.935573202,0.200094535,300.2287452,274.7649685,293.3619613,332.5593368,1.773322155,-0.840115521,-0.601202068,1.441317725,-54.20141726,-10.51096928,52.67636551,1.934063367,-0.300489987,-0.430643553,-0.442488629,0.205823837,0.216689384,1.945893677,1.952273527,0.04105068,0.035513385,-17.0948574,-6.58388812,0.255207462,0.018196756,0.011305101,0.127614962,449.8509045,0.242126757,20.27602302,4.411864444,12.92207081,38.54988865,544.7485044,431.3947102,0.747901089,1.098159444,1.012858306,2.465604809,1.452746503,1.371505754,3.426768073,2.966547052,10.04391393,7.077366875,7.006318984,2.54286913,2.016441777,6.431272321,4.414830544,3.485748584,-0.341472659,-1.187455206,2.556025189,3.743480396,2.18541038,-2.201396471,-7.622353276,-1.854656787,5.767696489,-5.671158964,0.9387989,0.859960409,0.949709806,0.089749398,0.891276295,16.86563937,15.2474568,26.63834289,11.39088608,22.84569632,108.9194834,56.16612585,122.4032676,66.23714177,56.16612585,14.31819043,9.949690978,18.03139624,8.081705265,11.12737962,42.39417938,15.3925788,44.42898382,29.03640502,17.49903077,67.4423035,46.84066542,84.95324411,38.11257868,57.83216795,169.0498232,133.2258904,203.2039899,69.97809951,175.3019066,24.58578538,1.843929906,27.79491619,25.95098629,6.371651155,75.3353773,50.09010679,121.0844975,70.99439072,104.5083339,0.022765397,2.326091952,2.326091952,22.39017169,15.3925788,22.44302208,7.050443276,17.49903077,0.033735244,2.317844567,2.317844567,123.4189316,116.9356653,188.7097945,71.77412928,175.3019066,72.36112424,56.16612585,80.33489061,24.16876476,56.16612585,36.55835918,0,43.67174885,43.67174885,0,370.2906961,355.7018164,449.8828949,94.18107849,448.7380122,77.31538045,0,88.71164422,88.71164422,0,4.891220446,3.798932755,5.014300858,1.215368102,4.391538917,6.791148353,6.373849717,8.077272963,1.703423246,7.299905,7.798463937,7.603349189,9.922897662,2.319548473,9.30732177,4.83583792,3.798932755,4.931214252,1.132281496,4.391538917,6.396036853,6.087994562,7.603445934,1.515451372,6.98513607,7.342640204,6.969465531,8.406533557,1.437068027,7.544159747,"2",16
"L29",-0.051938918,1.827341593,-0.210324041,-0.031137657,-0.120730849,0.179186385,0.040692442,0.050879383,-0.34731993,0.824360688,0.793408129,0.02779605,0.917377764,0.153727801,298.2989503,266.8604113,299.7229465,328.3135216,1.815909397,-0.758208769,-0.724339807,1.482548919,-54.18304721,-9.544377699,50.28757744,1.897353576,-0.300767389,-0.466735921,-0.469518082,0.225553563,0.231352088,1.949290423,1.950580537,0.042644749,0.039346467,-18.39802668,-8.853648978,0.255556445,0.010086273,0.030952558,0.093017077,433.74735,0.220580174,20.56465991,4.529324376,13.4832328,36.8398073,498.409935,409.6682112,0.742176725,0.79212011,0.327333129,2.303056087,1.975722958,2.064860896,6.632504908,4.179012265,12.51368477,8.334672503,8.554323464,4.384002227,3.155709888,7.605508559,4.449798671,4.384102977,0.467812264,-2.590037813,3.970523848,6.560561661,2.516765298,-4.851814491,-10.1310492,-2.701773571,7.429275624,-6.900868275,0.936353636,0.86162919,0.938266557,0.076637367,0.865958419,17.42529264,17.16390686,26.50321838,9.33931152,25.68175503,95.67464492,53.06606445,104.6354393,51.56937489,53.06606445,11.16833899,10.30006904,12.472413,2.172343967,11.79571269,41.51395141,15.05056798,43.47721058,28.4266426,15.05056798,59.87652405,58.19339635,80.89411502,22.70071866,72.49730484,169.9152856,140.5721966,192.3364807,51.76428406,153.9369093,25.081502,2.385708517,27.30543281,24.9197243,2.385708517,90.1649255,58.34588114,129.6428048,71.29692364,75.55721283,0.027902053,0.057524756,0.057524756,22.12656381,15.05056798,22.40118589,7.350617912,15.05056798,0.027814617,0.057344493,0.057344493,122.340844,116.471177,170.8697695,54.39859249,153.9369093,65.36738198,53.06606445,66.8510878,13.78502335,53.06606445,30.30726294,0,38.21003474,38.21003474,0,363.9357448,354.2572698,430.7941089,76.53683913,430.7941089,69.1226668,0,80.48955026,80.48955026,0,4.305294978,4.100529608,4.599532401,0.499002793,4.520943481,6.57953644,6.402250032,7.918316148,1.516066116,7.033719908,7.540538047,7.263258552,10.17470344,2.911444891,9.345790991,4.235175544,4.100529608,4.519518821,0.418989213,4.498968903,6.446839114,6.06360972,7.096953957,1.033344237,6.237455518,7.129683834,6.946694178,8.279820878,1.333126699,7.962231845,"2",17
"L30",-0.067055095,1.787927446,-0.210907798,-0.026960736,-0.118934267,0.183947063,0.038449593,0.062101904,-0.367327006,0.799793738,0.78789155,0.013184351,1.033211352,0.317620071,264.2373056,230.7714393,267.0109159,294.9295564,1.831523071,-0.834240681,-0.657714585,1.491955266,-54.20054933,-6.799979693,50.78481176,1.924821049,-0.288775397,-0.425269884,-0.43891394,0.1888146,0.205237349,1.932454448,1.943381483,0.061292991,0.050950191,-13.50953815,-6.709558456,0.255494032,0.017679914,0.011902188,0.233417614,401.6268595,0.286707509,19.85881136,3.96272794,13.78747446,37.49178935,481.2759315,368.0791485,0.806878909,1.046757355,1.036298023,2.098703661,1.062405638,1.72413864,3.170159714,3.13796403,7.547006554,4.409042523,6.506570399,2.425574327,2.393182469,5.611979827,3.218797357,3.483483319,-0.437071187,-0.991531075,1.731979279,2.723510354,1.731979279,-1.98850314,-5.215462597,-1.867279543,3.348183054,-5.215462597,0.868399946,0.760924213,0.868596036,0.107671823,0.798371472,25.56182137,25.53914067,36.00875412,10.46961345,32.24285154,115.149328,65.82610124,115.4302213,49.60412005,65.82610124,15.26258078,14.26613949,15.32877862,1.062639129,14.26613949,43.58164356,19.03860243,43.60794866,24.56934624,20.07195622,55.33050488,55.29242608,66.60202899,11.30960291,55.77263222,169.601309,138.123825,204.9571334,66.8333084,164.2186748,24.50291125,4.067523201,24.52751005,20.45998685,5.805816737,97.67796567,43.29637825,137.2547014,93.95832314,92.68070822,0,0,0,22.37963847,18.83360511,22.38549732,3.551892207,19.87218844,0,0,0,119.7522133,119.3899118,164.2186748,44.82876303,164.2186748,76.68151462,65.62424164,76.78613611,11.16189447,65.62424164,38.4678134,0.201859598,38.64408517,38.44222558,0.201859598,313.6610629,312.9110804,401.6986732,88.78759281,396.4200398,83.18717712,0.096122299,84.73945103,84.64332873,0.096122299,3.908310856,3.858260946,4.045659605,0.187398659,4.045659605,6.338950586,6.334021346,8.000488556,1.66646721,7.150516757,7.614959795,7.613272954,10.25638066,2.643107704,9.846502728,3.908310856,3.858260946,4.045659605,0.187398659,4.045659605,6.083692068,6.080137747,7.788654605,1.708516858,6.672773647,7.165341248,7.164885172,7.568525767,0.403640595,7.395292946,"2",18
"L32",-0.063669988,1.784157438,-0.206310457,-0.023277396,-0.114793927,0.183033061,0.036032637,0.061657506,-0.34526437,0.816301644,0.802036489,0.014648549,0.978401435,0.240660565,299.4342066,274.4342378,295.1306145,328.7378418,1.776474499,-0.837936846,-0.606367195,1.444303871,-54.20285079,-10.64954094,52.00459011,1.930669313,-0.295104758,-0.43136959,-0.441354265,0.21133822,0.219230497,1.947096539,1.952816486,0.041694206,0.036091677,-17.91491469,-7.265373744,0.249313513,0.019364584,0.014265155,0.16209979,497.1065156,0.218645414,20.63193764,4.681706195,13.06840485,40.20517055,603.0181262,465.6449512,0.741325142,0.817151886,0.689429027,2.163160472,1.473731444,1.788271949,4.779103057,2.271749808,7.876988245,5.605238437,7.876988245,3.341663334,1.363020625,5.008775915,3.64575529,5.008775915,0.049289512,-0.38288507,1.985783882,2.368668953,0.989548888,-3.390952846,-5.998324803,-1.771030701,4.227294102,-5.998324803,0.931081879,0.873397309,0.95233411,0.078936801,0.888127401,18.10149104,14.899067,25.18377186,10.28470486,23.42102647,108.688178,58.53823761,124.7481859,66.20994825,58.53823761,13.80139916,9.967471357,17.44359783,7.47612647,13.08426723,42.5698291,16.04208559,44.47709543,28.43500984,16.04208559,65.84758051,44.32757625,84.57074917,40.24317292,83.52264775,201.7982913,171.5796513,218.6120078,47.03235647,182.5826123,24.58349701,2.246603198,29.08347073,26.83686753,2.246603198,103.4949326,85.37769193,150.6017025,65.2240106,96.84355994,0.004209073,0.598257462,0.598257462,22.364939,16.04208559,22.4492975,6.407211913,16.04208559,0.003828159,0.808165664,0.808165664,152.1435708,128.9401789,195.1211455,66.18096659,182.5826123,71.05459758,58.53823761,80.30874299,21.77050538,58.53823761,37.63358043,0,47.35228733,47.35228733,0,416.022948,393.0078189,494.6148031,101.6069841,494.6148031,79.38788576,0,103.0436572,103.0436572,0,4.810242151,3.968863865,5.121416565,1.1525527,4.992833318,7.731732299,6.748365215,8.142740156,1.394374941,7.906784874,7.735165109,7.382425648,10.4335142,3.051088551,9.246176486,4.729379849,3.968863865,4.932659156,0.96379529,4.779160801,6.572513967,6.339062962,7.850955222,1.511892261,6.407768563,7.285462966,6.9087435,8.216943296,1.308199796,7.992697996,"2",19
"L33",-0.055502029,1.853905212,-0.20841519,-0.032230568,-0.120322879,0.176184622,0.041094389,0.04855489,-0.338659772,0.832654571,0.802507298,0.028704673,0.951453772,0.175146579,303.2280183,271.7334121,304.378298,333.5723266,1.828258941,-0.766645208,-0.725909526,1.492554735,-54.18511255,-9.684221758,50.44745669,1.898880875,-0.298081719,-0.462347431,-0.466848696,0.22828993,0.233678753,1.947256214,1.949533643,0.044246857,0.040757536,-18.98514252,-9.300920761,0.251925285,0.008393072,0.030147273,0.118799201,480.191067,0.209117273,20.79195644,4.633236485,13.5864222,38.91840224,556.4747425,440.3831252,0.742941734,0.980011299,0.882619282,1.751078477,0.868459195,1.751078477,7.65927006,6.723803792,13.01998232,6.296178531,13.01998232,5.916436308,4.16655754,7.925132011,3.758574471,6.238663885,-1.291980352,-1.933317122,4.335148252,6.268465375,4.335148252,-4.624455956,-10.57381214,-4.163991796,6.40982034,-10.57381214,0.93722472,0.853968066,0.937486759,0.083518693,0.853968066,17.29514968,17.27320513,27.27097041,9.997765283,27.27097041,100.4229778,55.00307987,106.1886078,51.18552789,55.00307987,11.07895735,10.45695474,12.6951907,2.238235961,11.40663616,42.04807377,16.51901811,42.63107372,26.1120556,16.51901811,60.71131642,58.43988324,77.55206615,19.11218291,77.55206615,195.25687,172.4617781,211.151881,38.69010284,172.4617781,25.37775431,4.984781583,26.98120237,21.99642079,4.984781583,101.6272425,94.90971198,144.774486,49.86477402,94.90971198,0,0,0,22.35694278,16.51901811,22.4043236,5.885305491,16.51901811,0,0,0,139.7334402,134.2647395,192.0338601,57.76912057,172.4617781,68.4654252,55.00307987,68.9638152,13.96073533,55.00307987,31.95755262,0,39.06767656,39.06767656,0,395.6665077,390.5104201,475.2494386,84.7390185,475.2494386,81.87314532,0,84.21741142,84.21741142,0,4.340195447,4.265085882,4.577860991,0.312775109,4.561317063,7.601764959,7.203430996,7.855913082,0.652482087,7.446427575,7.641598611,7.395578711,9.551786725,2.156208015,9.551786725,4.258446285,4.142012716,4.542280416,0.4002677,4.542280416,7.451657084,6.208095755,7.711346929,1.503251174,6.208095755,7.210494893,7.027786901,8.217637539,1.189850637,8.217637539,"2",20
"L34",-0.066302714,1.798595107,-0.213323406,-0.016923387,-0.115123397,0.196400019,0.033749737,0.069846143,-0.356952332,0.796411645,0.780617119,0.02007792,1.152165706,0.460004802,300.9723654,274.0267463,302.8144084,326.0759728,1.746891692,-0.811313661,-0.610283431,1.421597273,-54.20373948,-8.933203478,51.4856578,1.932661638,-0.295812657,-0.431360816,-0.44130758,0.209768238,0.219849328,1.947707359,1.953555822,0.038602493,0.034629456,-17.49243678,-8.559233299,0.257800852,0.026666611,0.015794526,0.355754061,459.1645919,0.22017539,20.25729913,4.516961901,12.91171592,38.02272604,551.5897989,444.0046941,0.732618381,0.91118665,0.716675684,3.289474011,2.572798326,2.94422968,8.89441962,6.731400313,9.871608205,3.140207892,6.892837508,5.296207168,4.02382405,7.587892389,3.564068339,5.033061172,1.636632568,-2.394301369,2.200548986,4.594850355,-0.335515711,-6.932839735,-7.489742621,-3.530136855,3.959605765,-4.697545461,0.931196568,0.843185744,0.944014411,0.100828666,0.878677827,18.1109938,16.18109294,28.14264999,11.96155705,24.4707848,101.0938553,56.8742033,104.6699542,47.7957509,56.8742033,12.62745998,11.30832112,14.30274615,2.994425026,11.30832112,42.28682214,16.31088309,43.79307379,27.4821907,17.08485253,60.38185448,53.01884481,75.82877302,22.80992821,63.63214442,179.367995,149.9704907,192.2106942,42.24020349,167.7290217,25.34241358,2.33027557,28.00828074,25.67800517,5.776531407,93.01102384,75.32114328,129.6532556,54.33211234,96.07462293,0.000104839,0.288669685,0.288669685,22.33840244,16.31088309,22.39909408,6.088210994,17.08485253,0.000103965,0.28581594,0.28581594,130.2580308,118.2430699,167.7290217,49.48595174,167.7290217,68.64122132,56.8742033,72.84935099,15.97514769,56.8742033,32.45263397,0,35.71032262,35.71032262,0,381.2273667,370.4520315,458.0513769,87.59934537,458.0513769,74.87762391,0,89.73305502,89.73305502,0,4.550447719,4.111414783,4.950247789,0.838833006,4.404914912,7.261010131,6.598670834,7.688512338,1.089841503,7.211256329,7.782933725,7.478206574,10.18702471,2.708818141,10.1395002,4.450953473,3.971910486,4.943575283,0.971664797,4.353832677,7.156276183,6.349086497,7.287324486,0.938237989,7.021625019,7.306642695,7.025374001,8.36140438,1.336030379,7.424873695,"2",21
"L35",-0.067318617,1.795292346,-0.211571453,-0.013801556,-0.112686505,0.197769897,0.03212394,0.070775341,-0.349016634,0.798225474,0.775998055,0.024510528,1.149662996,0.454445623,302.318425,277.9656959,300.0885737,328.9009566,1.742903314,-0.80615115,-0.61250406,1.418655466,-54.20453343,-10.87460587,51.48220784,1.929903964,-0.294566974,-0.429881918,-0.440285897,0.210560779,0.221012868,1.94704294,1.953686771,0.038905744,0.034756258,-19.79711894,-8.922513076,0.254630218,0.028764011,0.022227419,0.351437523,530.5419246,0.203210696,20.71540381,4.91418998,13.06386573,39.51760003,643.1623662,506.5767159,0.711352996,1.02723355,0.622020193,3.702454515,3.080434322,2.866487604,8.339470314,5.748110644,11.02760486,5.279494214,7.596125675,5.444573968,3.62919129,8.27802251,4.64883122,5.755576979,0.793009963,-2.515081554,1.800251331,4.315332884,-0.876398277,-6.237583931,-7.206549692,-2.755492333,4.451057358,-4.879178702,0.929775863,0.867741023,0.948103683,0.08036266,0.896717766,18.27515729,15.61540421,25.77452073,10.15911652,22.41217792,107.8093841,55.42771716,130.4776516,75.04993439,55.42771716,13.3353434,10.79687375,19.41721991,8.620346162,11.07403848,41.89328952,16.16236463,44.19888479,28.03652017,16.8087337,64.13680748,46.03527624,89.27035288,43.23507665,72.84002153,209.5210671,169.849296,256.0295879,86.18029189,210.9664129,23.95609403,2.075074834,27.60665336,25.53157852,5.734695221,119.2482325,83.55024583,176.22117,92.67092412,120.5558741,0.016911295,5.314241549,5.314241549,22.29181547,16.16236463,22.39595637,6.233591741,16.8087337,0.010147465,5.305009341,5.305009341,160.5501837,141.4484774,221.7235387,80.27506129,207.7004645,69.39718202,55.42771716,79.81089237,24.38317521,55.42771716,38.41220209,0,53.9969196,53.9969196,0,427.987766,410.7119381,530.8533459,120.1414078,526.2384163,100.4829192,0,119.5244053,119.5244053,3.346425615,4.713454053,3.924524379,5.085278433,1.160754054,4.377169262,8.613301128,7.34738027,8.913188997,1.565808727,7.978500612,7.794681659,7.257931393,11.39027318,4.132341783,10.86599459,4.619566002,3.924524379,4.979321842,1.054797463,4.377169262,7.238774196,6.369286715,7.81300987,1.443723155,7.653520001,7.338673943,6.99631868,8.333428437,1.337109757,7.483233412,"2",22
"L36",-0.06597217,1.789700392,-0.207380224,-0.021098346,-0.114239285,0.186281878,0.035035311,0.064373882,-0.355419536,0.812369216,0.804945764,0.011428335,0.965918942,0.229132637,300.1225444,274.6314402,302.6982071,323.0380685,1.765587835,-0.826389182,-0.609768238,1.436157529,-54.20443093,-9.677400984,51.83917279,1.931314066,-0.294200488,-0.429818284,-0.440574501,0.211592809,0.220883287,1.945760512,1.952613356,0.040989498,0.035991657,-17.34831413,-7.670913144,0.251241484,0.021751104,0.007423452,0.153549726,477.6176651,0.224440366,20.4578282,4.541851679,13.01468919,38.77993027,577.1254109,451.2325106,0.742963155,0.513063671,0.223083442,1.849499807,1.626416365,1.576938807,6.931757724,4.552740297,8.341609039,3.788868742,5.8799231,5.212868691,3.465184473,5.501154629,2.035970156,3.963313229,-0.715870941,-1.225813597,1.495925232,2.721738829,0.36480008,-4.496997749,-6.490722831,-2.426296695,4.064426136,-4.328113309,0.932466324,0.875776173,0.949328854,0.073552681,0.899667396,17.92939918,15.30746304,24.93365547,9.626192433,22.09827535,107.1943514,82.33884392,116.4133717,34.07452774,82.33884392,12.3370819,9.932956504,15.20117825,5.268221745,13.31227444,42.88493644,34.36633514,44.53148247,10.16514734,34.36633514,59.44052829,43.23091695,72.00214041,28.77122346,63.35412404,183.0308149,173.7768486,206.2763768,32.49952828,200.9023654,26.25990228,18.21024594,29.57818363,11.36793769,20.72564663,98.63162383,78.13594451,134.7652197,56.62927519,126.8767295,0.000467008,1.339803862,1.339803862,22.39176828,21.91902384,22.44093027,0.521906423,22.05185374,0.000400273,1.135873949,1.135873949,135.2534971,120.9222896,176.8636388,55.94134927,176.8636388,69.53975326,66.43690956,75.25388579,8.816976237,66.43690956,37.65459809,15.90193437,43.04420606,27.14227169,15.90193437,396.4666159,382.8117101,447.2324304,64.42072023,447.2324304,78.17313016,28.75518554,93.60217658,64.84699104,28.75518554,4.551986141,3.810543023,5.013138241,1.202595218,4.554801569,7.338387647,6.702530021,8.014411973,1.311881952,7.432624347,7.811186828,7.338932282,9.061244027,1.722311745,9.061244027,4.406394468,3.552078094,4.954783447,1.402705353,4.554801569,7.192218844,6.45145182,7.664938262,1.213486442,7.079184539,7.332961347,7.027886356,7.375969516,0.348083161,7.335396918,"2",23
"L47",-0.059640827,1.787516975,-0.218320658,-0.038692565,-0.128506611,0.179628092,0.045967907,0.038929933,-0.354617531,0.785052685,0.797108439,-6.4e-05,1.045209807,0.340957273,272.6029062,240.4789324,282.1028792,295.2268049,1.864106379,-0.917418781,-0.593051623,1.510470404,-54.19237438,-9.920338633,50.39094192,1.926163387,-0.297400419,-0.432584764,-0.447946815,0.180882472,0.196261641,1.93178562,1.943639923,0.059890897,0.049856396,-20.11238757,-10.19204894,0.258429478,0.000279977,-0.012055754,0.260157122,505.0268561,0.228794736,20.5701483,4.235137123,13.27278693,38.20773019,587.9620785,457.8496329,0.741306207,2.916277846,2.680905114,2.971852841,0.290947727,2.743810525,9.253846773,9.19322987,12.60700585,3.413775983,10.67496193,6.517432218,5.036178845,7.096195556,2.060016711,5.036178845,0.03588763,-0.017452458,3.642680259,3.660132717,3.642680259,-6.553319848,-10.10877644,-6.491851382,3.616925059,-8.678859104,0.867023235,0.863003013,0.871837,0.008833987,0.871837,25.66128678,25.24693826,26.09529445,0.848356192,25.24693826,115.5472081,98.47715274,115.8789144,17.40176164,98.47715274,15.18925235,15.03174169,15.75027819,0.718536498,15.03174169,41.97187198,40.71393048,42.76494951,2.051019027,40.71393048,54.79255883,54.76401779,56.51587346,1.751855672,55.63566504,211.2051117,203.0173296,221.2081432,18.19081361,219.9976739,22.531563,21.99746669,23.92402307,1.926556374,23.92402307,149.039528,138.5534962,153.4280603,14.87456401,152.8124648,0,0,0,22.37887133,22.13866382,22.38549732,0.246833498,22.13866382,0,0,0,125.4077959,124.8244328,150.3822458,25.55781292,148.1817227,77.18506015,72.43098913,77.28294082,4.851951692,72.43098913,38.36214793,26.04616361,38.59597356,12.54980995,26.04616361,333.5761277,333.4740888,338.555644,5.081555229,336.3690917,164.1741602,164.0998373,168.971509,4.871671646,168.971509,3.909205162,3.90807193,3.955622506,0.047550577,3.955622506,8.725359904,7.720429955,9.02105709,1.300627135,8.794331831,7.592419792,7.590525081,7.656929531,0.06640445,7.602625447,3.909205162,3.90807193,3.955622506,0.047550577,3.955622506,7.331635711,7.327998124,7.589633101,0.261634977,7.405461871,7.15849001,7.139432462,7.180168339,0.040735878,7.139432462,"2",29
"L48",-0.057903737,1.810833205,-0.227394973,-0.047688823,-0.137541898,0.17970615,0.052635949,0.030770178,-0.351993105,0.767135297,0.788889642,0.005106721,0.975521869,0.280224194,289.4328693,241.9947979,304.9290157,321.3746952,1.85426516,-0.948162338,-0.548117582,1.49627992,-54.18766626,-10.16578389,49.88105974,1.926385715,-0.300363106,-0.435621365,-0.457000134,0.178765166,0.197310899,1.935144668,1.945316811,0.059887184,0.050294417,-22.02553312,-11.85974923,0.265842012,-0.008205572,-0.021754344,0.208386572,569.8058385,0.180759352,21.13851056,4.593309068,13.76688706,40.0049582,659.4846145,505.226284,0.725217938,3.253227054,2.546493652,3.371867873,0.82537422,2.997369928,17.04584504,14.13281931,17.20576636,3.072947043,17.20576636,10.71997262,10.19470834,12.12768072,1.932972384,11.72560357,2.27608755,-1.51553691,2.950220536,4.465757445,0.838083515,-12.99606017,-13.20993684,-9.77915214,3.430784696,-12.56368708,0.876411816,0.869807198,0.876754282,0.006947084,0.876754282,24.64030762,24.59652032,25.46874459,0.872224269,24.59652032,102.9989518,100.098305,112.0582247,11.95991972,100.098305,14.87219064,14.65939964,15.03801712,0.378617485,14.86125924,40.18224694,38.29266121,42.45117812,4.158516906,38.29266121,55.0076258,53.4488187,55.12949495,1.680676249,55.09180127,255.3188109,247.8859354,281.7913958,33.90546036,271.3270448,21.87409738,20.56771503,22.88753155,2.319816524,20.56771503,180.713827,167.9229258,218.9117662,50.98884046,208.5442694,0,0,0,21.96900964,21.86149909,22.30600857,0.444509478,21.96399774,0,0,0,144.9841287,144.4348515,175.5647833,31.12993175,145.8399942,74.4583816,73.51036274,74.99345554,1.4830928,74.09920706,28.54057022,25.9990979,37.08150362,11.08240572,25.9990979,392.009632,376.2992578,392.78816,16.48890214,392.78816,177.779993,176.461163,191.7940605,15.33289747,176.461163,3.949519819,3.926381434,3.985254026,0.058872592,3.952167719,8.372944175,8.317435616,9.348509163,1.031073547,8.317435616,6.796107991,6.712055397,6.798824325,0.086768928,6.79106621,3.949519819,3.926381434,3.985254026,0.058872592,3.952167719,7.588161777,7.126284676,7.861406671,0.735121996,7.446320826,6.796107991,6.712055397,6.798824325,0.086768928,6.79106621,"2",30
"L49",-0.06687774,1.800218857,-0.209269865,-0.03689534,-0.123082602,0.172374525,0.043944574,0.049199248,-0.356710474,0.785174482,0.791425446,-0.000431896,0.925827603,0.164256561,314.2850183,287.8673988,304.2523762,350.7352081,1.784243379,-0.838271684,-0.612708899,1.45098065,-54.20233477,-11.41321165,50.01025503,1.933672105,-0.292954896,-0.432539224,-0.447170667,0.206410072,0.223704932,1.950751096,1.956068912,0.04732409,0.038480566,-19.33687821,-7.923666566,0.252116323,0.006288284,-0.006250964,0.140653121,456.4918621,0.188525611,20.33343171,4.585491174,12.89836095,36.91754727,546.6245093,445.8004412,0.725276998,2.167186236,2.010014053,3.937794263,1.92778021,3.557709869,9.696544079,6.225412103,10.63093242,4.405520313,9.150324704,7.394138745,4.437262504,8.035868074,3.598605569,6.324619973,-1.261186411,-1.526416377,0.769751271,2.296167648,0.282048842,-6.132952335,-6.923430912,-3.836019226,3.087411686,-6.606668815,0.922570004,0.86913829,0.937848052,0.068709762,0.88844222,19.28693563,17.15170629,25.5861716,8.434465309,23.43099656,86.05932422,54.5585704,99.85774689,45.29917649,54.5585704,12.80662346,10.44126617,15.69379934,5.252533175,10.44126617,39.16433268,16.76062209,42.15100348,25.39038139,16.76062209,59.15138118,52.80308483,79.99756118,27.19447635,79.99756118,206.1256345,146.0918238,213.471292,67.37946813,146.0918238,24.83142133,5.347710498,27.47486937,22.12715887,6.319355922,120.2190233,62.68049619,127.7304026,65.04990646,62.68049619,0,0,0,21.63426153,16.76062209,22.17422458,5.413602492,16.76062209,0,0,0,154.033288,146.0918238,158.9529366,12.86111274,146.0918238,65.61236052,54.5585704,75.07189838,20.51332799,54.5585704,20.4469637,0,26.5377388,26.5377388,0,395.123115,378.9841178,455.4539317,76.46981386,453.5427786,58.64342064,0,72.2239677,72.2239677,0,4.554463188,4.131971579,4.986389167,0.854417588,4.986389167,7.072505656,7.027655766,7.774347639,0.746691872,7.713213165,9.301410032,8.308768897,10.57204,2.263271108,8.502082629,4.338048675,3.90461096,4.879782916,0.975171957,4.879782916,7.048065993,7.027655766,7.303781869,0.276126102,7.242499102,7.75144843,7.145290909,8.262898709,1.117607799,7.145290909,"2",31
"L51",-0.060097199,1.837905839,-0.203267837,-0.028431723,-0.11584978,0.174836114,0.038412428,0.050427244,-0.339941992,0.825544853,0.818726172,0.011372882,0.989562792,0.202811165,316.2055522,274.260502,311.3291788,363.0269106,1.79654695,-0.753990393,-0.712684001,1.466674394,-54.1883778,-8.770655931,47.9104024,1.885446888,-0.28793537,-0.463629814,-0.469465528,0.23813574,0.245321259,1.950714168,1.954027638,0.046412252,0.03996628,-20.93515677,-12.16450084,0.244150132,0.011383284,0.006818682,0.164017938,495.843663,0.155731746,20.89075393,4.808919428,13.64017499,38.29348476,565.2622085,458.102239,0.722046576,4.052755658,1.870144471,5.292735239,3.422590768,3.168559007,12.65454532,6.171897945,15.22375828,9.051860339,14.98875606,9.578454622,4.711674199,11.98837676,7.276702559,10.7832622,-1.469822197,-5.371645433,1.145189964,6.516835397,-0.37941141,-8.108632425,-10.40385079,-3.903821854,6.50002894,-10.40385079,0.915086376,0.897294946,0.927924446,0.0306295,0.909969786,20.29380557,18.65195672,22.54528207,3.893325346,20.95531966,77.23970403,54.53033097,93.20579328,38.67546231,54.53033097,11.21211386,10.74771623,11.8877523,1.140036073,11.8877523,33.5068513,16.01384616,41.53496564,25.52111947,16.01384616,64.20888913,57.50965905,78.2550023,20.74534325,67.05797221,208.1004266,167.5151897,231.3232873,63.80809764,186.8458829,21.13003402,3.831148749,27.16528159,23.33413284,3.831148749,119.0208801,80.90970205,143.4377935,62.52809147,115.5617223,0,0,0,21.2666141,16.01384616,22.30391676,6.290070592,16.01384616,0,0,0,163.3735393,159.7764495,183.9794601,24.2030106,183.9794601,61.39197523,54.53033097,64.9193019,10.38897093,54.53033097,15.84772881,0,28.96946712,28.96946712,0,432.3621353,413.1668569,492.917713,79.75085605,491.1865384,61.24056461,0.944801727,82.11347291,81.16867118,3.018414612,4.652570394,4.420042532,4.803592609,0.383550077,4.480756582,7.246956594,7.008703122,7.763873955,0.755170833,7.763873955,9.268241581,8.824734471,9.820644263,0.995909792,8.824734471,4.491285417,4.255221796,4.575504326,0.32028253,4.462242399,7.126538907,6.939858992,7.414815818,0.474956826,7.294134551,7.631254887,7.324771338,7.927612239,0.602840901,7.524586842,"2",33
"L81",-0.065726853,1.794116983,-0.214241013,-0.019825868,-0.11703344,0.194415146,0.035225767,0.082115471,-0.363223545,0.76707189,0.790788912,0.015180669,1.046704111,0.33532063,287.1244399,238.5693396,295.8916771,326.9123516,1.814886475,-0.84231599,-0.634665255,1.476981246,-54.19826411,-5.618860634,48.99995944,1.923810631,-0.288524448,-0.427357798,-0.447812121,0.188528744,0.210101402,1.935587553,1.946618136,0.06588701,0.0522146,-13.3656796,-7.746818969,0.262654419,0.031797994,-0.023717022,0.279632221,367.3219187,0.273789623,19.30876458,3.774206297,13.66051942,35.03708509,438.3152111,349.7723907,0.797807418,1.968719007,0.827519178,2.010741242,1.183222064,0.829716963,7.750463525,3.72280285,8.10774928,4.38494643,3.72280285,5.075189371,2.624419492,5.403412641,2.778993149,2.624419492,0.732687833,0.015927023,0.883461693,0.86753467,0.015927023,-5.807877204,-6.013827697,-2.640346515,3.373481181,-2.640346515,0.868513041,0.868185946,0.870525373,0.002339426,0.870525373,25.5178676,25.27885916,25.54409391,0.265234745,25.27885916,100.569869,98.01172517,102.1691962,4.157471002,98.01172517,14.9047585,14.87171828,14.98676779,0.115049512,14.87171828,40.40177611,39.96297094,41.29963709,1.336666148,40.68673696,54.25580656,53.98241827,54.70944601,0.727027746,53.98241827,154.5412405,154.0308012,157.746631,3.715829753,157.746631,23.38569983,23.14064048,24.03593486,0.895294384,23.87068193,87.17064104,86.95415801,90.30188402,3.347726014,90.30188402,0,0,0,22.20344087,22.09159811,22.26626419,0.174666077,22.09159811,0,0,0,99.75233943,99.48376557,111.6665839,12.18281832,111.6665839,73.90880514,73.29490638,74.25400094,0.959094568,73.29490638,26.66106388,24.71681879,27.91519523,3.198376433,24.71681879,287.516483,286.5920797,301.0195555,14.42747577,301.0195555,77.21408813,63.04708784,78.36545512,15.31836728,63.04708784,3.967678538,3.94450745,3.994788381,0.050280932,3.994788381,5.998367099,5.994881962,6.003649523,0.008767561,6.003649523,6.766979521,6.744203887,6.824894459,0.080690571,6.824894459,3.967678538,3.94450745,3.994788381,0.050280932,3.994788381,5.998367099,5.994881962,6.003649523,0.008767561,6.003649523,6.751726715,6.727837625,6.779067056,0.051229431,6.779067056,"2",37
